model,h097,h100,h103,h106,h109,h112,h114,h043,h044,h045,h046,h047,h048,h049,h050,h051,h052,h053,h054,h055,h056,h057,h058,h059,h060,h061,h062,h063,h064,h065,h066,h067,h068,h069,h070,h071,h072,h073,h074,h075,h076,h077,h078,h079,h080,h081,h082,h083,h084,h085,h086,h087,h088,h089,h090,h091,h092,h093,h094,h095,h096,h098,h099,h101,h102,h104,h105,h107,h108,h110,h111,h112_114_max_balanced_0_10_50,h112_114_small_0_10_50,h113,h97_114_max_balanced_0_10_50,h97_114_small_0_10_50,s043,s044,s045,s046,s047,s048,s049,s050,s051,s052,s053,s054,s055,s056,s057,s058,s059,s060,s061,s062,s063,s064,s065,s066,s067,s068,s069,s070,s071,s072,s073,s074,s075,s076,s077,s078,s079,s080,s081,s082,s083,s084,s085,s086,s087,s088,s089,s090,s091,s092,s093,s094,s095,s096,s097,s098,s099,s100,s101,s102,s103,s104,s105,s106,s107,s108,s109,s110,s111,s112,s113,s114,average
xg_boost_fullgird_m_/r_/xg_boost_fullgird__bayram_new,0.568,0.626,0.688,0.654,0.71,0.748,0.672,,,,,,,,,,,,,,,,,,,,,,,,,,,,,,,,,,,,,,,,,,,,,,,,,,,,,,,,,,,,,,,,,,,,,,,,,,,,,,,,,,,,,,,,,,,,,,,,,,,,,,,,,,,,,,,,,,,,,,,,,,,,,,,,,,,,,,,,,,,,,,0.6665714285714285
xg_boost_6-3_m_/r_/xg_boost_6-3__max_balanced_0_new,0.603322528363047,0.6379494482022072,0.7059602649006622,0.7202561509942703,0.7239507959479016,0.7420393559928443,0.7458210422812193,,,,,,,,,,,,,,,,,,,,,,,,,,,,,,,,,,,,,,,,,,,,,,,,,,,,,,,,,,,,,,,,,,,,,,,,,,,,,,,,,,,,,,,,,,,,,,,,,,,,,,,,,,,,,,,,,,,,,,,,,,,,,,,,,,,,,,,,,,,,,,0.6970427980974502
xg_boost_6-3_m_/r_/xg_boost_6-3__bayram_new,0.564,0.598,0.668,0.624,0.678,0.742,0.71,,,,,,,,,,,,,,,,,,,,,,,,,,,,,,,,,,,,,,,,,,,,,,,,,,,,,,,,,,,,,,,,,,,,,,,,,,,,,,,,,,,,,,,,,,,,,,,,,,,,,,,,,,,,,,,,,,,,,,,,,,,,,,,,,,,,,,,,,,,,,,0.6548571428571428
xg_boost_6-3_m_/r_/xg_boost_6-3__bayram_3_7_new,0.602,0.644,0.658,0.618,0.704,0.74,0.708,,,,,,,,,,,,,,,,,,,,,,,,,,,,,,,,,,,,,,,,,,,,,,,,,,,,,,,,,,,,,,,,,,,,,,,,,,,,,,,,,,,,,,,,,,,,,,,,,,,,,,,,,,,,,,,,,,,,,,,,,,,,,,,,,,,,,,,,,,,,,,0.6677142857142858
xg_boost_6-3_m_/r_/xg_boost_6-3__bayram_1_1_new,0.578,0.58,0.642,0.624,0.706,0.734,0.696,,,,,,,,,,,,,,,,,,,,,,,,,,,,,,,,,,,,,,,,,,,,,,,,,,,,,,,,,,,,,,,,,,,,,,,,,,,,,,,,,,,,,,,,,,,,,,,,,,,,,,,,,,,,,,,,,,,,,,,,,,,,,,,,,,,,,,,,,,,,,,0.6514285714285714
xg_boost_6-3_m_/r_/xg_boost_6-3__3gram_max_balanced_0_new,0.6008914100486223,0.6432894268422926,0.7221854304635762,0.7189079878665319,0.7460202604920405,0.7423971377459749,0.7615535889872173,,,,,,,,,,,,,,,,,,,,,,,,,,,,,,,,,,,,,,,,,,,,,,,,,,,,,,,,,,,,,,,,,,,,,,,,,,,,,,,,,,,,,,,,,,,,,,,,,,,,,,,,,,,,,,,,,,,,,,,,,,,,,,,,,,,,,,,,,,,,,,0.7050350346351794
xg_boost_6-3_m_/r_/xg_boost_6-3__2gram_max_balanced_0_new,0.6008914100486223,0.6294054823780705,0.7158940397350994,0.7101449275362319,0.7355282199710564,0.7520572450805009,0.7561455260570304,,,,,,,,,,,,,,,,,,,,,,,,,,,,,,,,,,,,,,,,,,,,,,,,,,,,,,,,,,,,,,,,,,,,,,,,,,,,,,,,,,,,,,,,,,,,,,,,,,,,,,,,,,,,,,,,,,,,,,,,,,,,,,,,,,,,,,,,,,,,,,0.7000095501152303
transformer_max_2_d3_10_m_/r_/transformer_max_2_d3_10__max_balanced_0_1_1_new,0.516612641815235,0.6575293698825204,0.7870860927152318,0.6865520728008089,0.662807525325615,0.809660107334526,0.7315634218289085,,,,,,,,,,,,,,,,,,,,,,,,,,,,,,,,,,,,,,,,,,,,,,,,,,,,,,,,,,,,,,,,,,,,,,,,,,,,,,,,,,,,,,,,,,,,,,,,,,,,,,,,,,,,,,,,,,,,,,,,,,,,,,,,,,,,,,,,,,,,,,0.6931158902432636
transformer_hd_e128_2_d3_90_m_/r_/transformer_hd_e128_2_d3_90__max_balanced_0_1_1_new,0.01012965964343598,0.8540405838376647,0.015562913907284768,0.7489046174587125,0.6678726483357453,0.7545617173524151,0.7074729596853491,,,,,,,,,,,,,,,,,,,,,,,,,,,,,,,,,,,,,,,,,,,,,,,,,,,,,,,,,,,,,,,,,,,,,,,,,,,,,,,,,,,,,,,,,,,,,,,,,,,,,,,,,,,,,,,,,,,,,,,,,,,,,,,,,,,,,,,,,,,,,,0.5369350143172296
transformer_e64_2_d3_10_m_/r_/transformer_e64_2_d3_10__max_balanced_0_1_1_new,0.529578606158833,0.5728017087931648,0.7354304635761589,0.6730704415234243,0.7246743849493488,0.7699463327370304,0.7236971484759095,,,,,,,,,,,,,,,,,,,,,,,,,,,,,,,,,,,,,,,,,,,,,,,,,,,,,,,,,,,,,,,,,,,,,,,,,,,,,,,,,,,,,,,,,,,,,,,,,,,,,,,,,,,,,,,,,,,,,,,,,,,,,,,,,,,,,,,,,,,,,,0.6755998694591242
transformer_e64_2_d3_10_l64_m_/r_/transformer_e64_2_d3_10_l64__max_balanced_0_1_1_new,0.7475688816855753,0.5681737273050907,0.695364238410596,0.8129423660262892,0.7416787264833574,0.8121645796064401,0.7664700098328416,,,,,,,,,,,,,,,,,,,,,,,,,,,,,,,,,,,,,,,,,,,,,,,,,,,,,,,,,,,,,,,,,,,,,,,,,,,,,,,,,,,,,,,,,,,,,,,,,,,,,,,,,,,,,,,,,,,,,,,,,,,,,,,,,,,,,,,,,,,,,,0.7349089327643128
transformer_e64_2_d3_10_l32_m_/r_/transformer_e64_2_d3_10_l32__max_balanced_0_1_1_new,0.6572123176661264,0.5617657529369883,0.6735099337748345,0.7731715537580047,0.7391461649782923,0.8225402504472272,0.7438544739429696,,,,,,,,,,,,,,,,,,,,,,,,,,,,,,,,,,,,,,,,,,,,,,,,,,,,,,,,,,,,,,,,,,,,,,,,,,,,,,,,,,,,,,,,,,,,,,,,,,,,,,,,,,,,,,,,,,,,,,,,,,,,,,,,,,,,,,,,,,,,,,0.7101714925006348
transformer_e64_2_d3_10_l128_m_/r_/transformer_e64_2_d3_10_l128__max_balanced_0_1_1_new,0.6288492706645057,0.5706657173371307,0.7341059602649007,0.6670037074486013,0.7069464544138929,0.8386404293381038,0.7807276302851525,,,,,,,,,,,,,,,,,,,,,,,,,,,,,,,,,,,,,,,,,,,,,,,,,,,,,,,,,,,,,,,,,,,,,,,,,,,,,,,,,,,,,,,,,,,,,,,,,,,,,,,,,,,,,,,,,,,,,,,,,,,,,,,,,,,,,,,,,,,,,,0.7038484528217553
transformer_e512_2_d3_10_l128_m_/r_/transformer_e512_2_d3_10_l128__max_balanced_0_1_1_new,0.0,0.0,0.7576158940397351,0.19177620492079542,1.0,0.0,0.7738446411012783,,,,,,,,,,,,,,,,,,,,,,,,,,,,,,,,,,,,,,,,,,,,,,,,,,,,,,,,,,,,,,,,,,,,,,,,,,,,,,,,,,,,,,,,,,,,,,,,,,,,,,,,,,,,,,,,,,,,,,,,,,,,,,,,,,,,,,,,,,,,,,0.3890338200088298
transformer_e50_2_d3_10_l128_m_/r_/transformer_e50_2_d3_10_l128__max_balanced_0_1_1_new,0.5008103727714749,0.6037735849056604,0.7221854304635762,0.7040781934614089,0.7337192474674384,0.80608228980322,0.7212389380530974,,,,,,,,,,,,,,,,,,,,,,,,,,,,,,,,,,,,,,,,,,,,,,,,,,,,,,,,,,,,,,,,,,,,,,,,,,,,,,,,,,,,,,,,,,,,,,,,,,,,,,,,,,,,,,,,,,,,,,,,,,,,,,,,,,,,,,,,,,,,,,0.6845554367036966
transformer_e50_2_d3_10_l128_glove_trainable_m_/r_/transformer_e50_2_d3_10_l128_glove_trainable__max_balanced_0_1_1_new,0.5891410048622366,0.6724813100747598,0.7516556291390728,0.7960903269295585,0.7937771345875543,0.7813953488372093,0.7354965585054081,,,,,,,,,,,,,,,,,,,,,,,,,,,,,,,,,,,,,,,,,,,,,,,,,,,,,,,,,,,,,,,,,,,,,,,,,,,,,,,,,,,,,,,,,,,,,,,,,,,,,,,,,,,,,,,,,,,,,,,,,,,,,,,,,,,,,,,,,,,,,,0.7314339018479714
transformer_e50_2_d3_10_l128_glove_not_trainable_m_/r_/transformer_e50_2_d3_10_l128_glove_not_trainable__max_balanced_0_1_1_new,0.5899513776337115,0.5286578853684585,0.6602649006622516,0.6491405460060667,0.6114327062228654,0.6243291592128801,0.6229105211406096,,,,,,,,,,,,,,,,,,,,,,,,,,,,,,,,,,,,,,,,,,,,,,,,,,,,,,,,,,,,,,,,,,,,,,,,,,,,,,,,,,,,,,,,,,,,,,,,,,,,,,,,,,,,,,,,,,,,,,,,,,,,,,,,,,,,,,,,,,,,,,0.6123838708924062
transformer_e32_2_d3_10_m_/r_/transformer_e32_2_d3_10__max_balanced_0_1_1_new,0.6385737439222042,0.6632253470986116,0.6552980132450331,0.6474553420963937,0.7322720694645442,0.8135957066189624,0.8171091445427728,,,,,,,,,,,,,,,,,,,,,,,,,,,,,,,,,,,,,,,,,,,,,,,,,,,,,,,,,,,,,,,,,,,,,,,,,,,,,,,,,,,,,,,,,,,,,,,,,,,,,,,,,,,,,,,,,,,,,,,,,,,,,,,,,,,,,,,,,,,,,,0.7096470524269317
transformer_e32_2_d3_10_l32_m_/r_/transformer_e32_2_d3_10_l32__max_balanced_0_1_1_new,0.6673419773095624,0.6130295478818085,0.6854304635761589,0.8500168520390967,0.8172937771345875,0.7914132379248658,0.8156342182890856,,,,,,,,,,,,,,,,,,,,,,,,,,,,,,,,,,,,,,,,,,,,,,,,,,,,,,,,,,,,,,,,,,,,,,,,,,,,,,,,,,,,,,,,,,,,,,,,,,,,,,,,,,,,,,,,,,,,,,,,,,,,,,,,,,,,,,,,,,,,,,0.7485942963078809
transformer_e32_2_d3_10_l16_m_/r_/transformer_e32_2_d3_10_l16__max_balanced_0_1_1_new,0.713128038897893,0.6678533285866857,0.6735099337748345,0.837546343107516,0.6758321273516642,0.7617173524150268,0.8205506391347099,,,,,,,,,,,,,,,,,,,,,,,,,,,,,,,,,,,,,,,,,,,,,,,,,,,,,,,,,,,,,,,,,,,,,,,,,,,,,,,,,,,,,,,,,,,,,,,,,,,,,,,,,,,,,,,,,,,,,,,,,,,,,,,,,,,,,,,,,,,,,,0.7357339661811899
transformer_e300_2_d3_10_l128_m_/r_/transformer_e300_2_d3_10_l128__max_balanced_0_1_1_new,0.63290113452188,0.6422214311142755,0.6844370860927153,0.7765419615773509,0.7286541244573083,0.8286225402504472,0.7453294001966568,,,,,,,,,,,,,,,,,,,,,,,,,,,,,,,,,,,,,,,,,,,,,,,,,,,,,,,,,,,,,,,,,,,,,,,,,,,,,,,,,,,,,,,,,,,,,,,,,,,,,,,,,,,,,,,,,,,,,,,,,,,,,,,,,,,,,,,,,,,,,,0.7198153826015191
transformer_e300_2_d3_10_l128_glove_trainable_m_/r_/transformer_e300_2_d3_10_l128_glove_trainable__max_balanced_0_1_1_new,0.5960291734197731,0.5496618013527946,0.6294701986754967,0.7927199191102123,0.7452966714905933,0.8271914132379249,0.7187807276302851,,,,,,,,,,,,,,,,,,,,,,,,,,,,,,,,,,,,,,,,,,,,,,,,,,,,,,,,,,,,,,,,,,,,,,,,,,,,,,,,,,,,,,,,,,,,,,,,,,,,,,,,,,,,,,,,,,,,,,,,,,,,,,,,,,,,,,,,,,,,,,0.6941642721310115
transformer_e300_2_d3_10_l128_glove_not_trainable_m_/r_/transformer_e300_2_d3_10_l128_glove_not_trainable__max_balanced_0_1_1_new,0.4700162074554295,0.49804200783196867,0.6913907284768211,0.6670037074486013,0.6548480463096961,0.695169946332737,0.6130776794493609,,,,,,,,,,,,,,,,,,,,,,,,,,,,,,,,,,,,,,,,,,,,,,,,,,,,,,,,,,,,,,,,,,,,,,,,,,,,,,,,,,,,,,,,,,,,,,,,,,,,,,,,,,,,,,,,,,,,,,,,,,,,,,,,,,,,,,,,,,,,,,0.612792617614945
transformer_e300_2_d3_10_l128_glove840_trainable_m_/r_/transformer_e300_2_d3_10_l128_glove840_trainable__max_balanced_0_1_1_new,0.5988654781199352,0.5404058383766465,0.6582781456953642,0.7182339063026626,0.7206946454413893,0.8035778175313059,0.7728613569321534,,,,,,,,,,,,,,,,,,,,,,,,,,,,,,,,,,,,,,,,,,,,,,,,,,,,,,,,,,,,,,,,,,,,,,,,,,,,,,,,,,,,,,,,,,,,,,,,,,,,,,,,,,,,,,,,,,,,,,,,,,,,,,,,,,,,,,,,,,,,,,0.6875595983427795
transformer_e300_2_d3_10_l128_glove840_not_trainable_m_/r_/transformer_e300_2_d3_10_l128_glove840_not_trainable__max_balanced_0_1_1_new,0.6280388978930308,0.5329298682805269,0.578476821192053,0.6673407482305359,0.6740231548480463,0.7087656529516995,0.6592920353982301,,,,,,,,,,,,,,,,,,,,,,,,,,,,,,,,,,,,,,,,,,,,,,,,,,,,,,,,,,,,,,,,,,,,,,,,,,,,,,,,,,,,,,,,,,,,,,,,,,,,,,,,,,,,,,,,,,,,,,,,,,,,,,,,,,,,,,,,,,,,,,0.6355524541134461
transformer_e256_2_d3_10_l128_m_/r_/transformer_e256_2_d3_10_l128__max_balanced_0_1_1_new,0.6122366288492707,0.724813100747597,0.706953642384106,0.7445230872935625,0.8060781476121563,0.774597495527728,0.8087512291052114,,,,,,,,,,,,,,,,,,,,,,,,,,,,,,,,,,,,,,,,,,,,,,,,,,,,,,,,,,,,,,,,,,,,,,,,,,,,,,,,,,,,,,,,,,,,,,,,,,,,,,,,,,,,,,,,,,,,,,,,,,,,,,,,,,,,,,,,,,,,,,0.7397076187885189
transformer_e200_2_d3_10_l128_m_/r_/transformer_e200_2_d3_10_l128__max_balanced_0_1_1_new,0.7009724473257699,0.652189391242435,0.6254966887417218,0.7829457364341085,0.7778581765557163,0.8479427549194991,0.8131760078662733,,,,,,,,,,,,,,,,,,,,,,,,,,,,,,,,,,,,,,,,,,,,,,,,,,,,,,,,,,,,,,,,,,,,,,,,,,,,,,,,,,,,,,,,,,,,,,,,,,,,,,,,,,,,,,,,,,,,,,,,,,,,,,,,,,,,,,,,,,,,,,0.7429401718693606
transformer_e200_2_d3_10_l128_glove_trainable_m_/r_/transformer_e200_2_d3_10_l128_glove_trainable__max_balanced_0_1_1_new,0.39222042139384117,0.6852972588109647,0.7791390728476821,0.6922817660936973,0.7832850940665702,0.8021466905187835,0.7128810226155359,,,,,,,,,,,,,,,,,,,,,,,,,,,,,,,,,,,,,,,,,,,,,,,,,,,,,,,,,,,,,,,,,,,,,,,,,,,,,,,,,,,,,,,,,,,,,,,,,,,,,,,,,,,,,,,,,,,,,,,,,,,,,,,,,,,,,,,,,,,,,,0.6924644751924393
transformer_e200_2_d3_10_l128_glove_not_trainable_m_/r_/transformer_e200_2_d3_10_l128_glove_not_trainable__max_balanced_0_1_1_new,0.48338735818476497,0.6945532217871129,0.6195364238410596,0.5942028985507246,0.6866859623733719,0.6207513416815742,0.6263520157325467,,,,,,,,,,,,,,,,,,,,,,,,,,,,,,,,,,,,,,,,,,,,,,,,,,,,,,,,,,,,,,,,,,,,,,,,,,,,,,,,,,,,,,,,,,,,,,,,,,,,,,,,,,,,,,,,,,,,,,,,,,,,,,,,,,,,,,,,,,,,,,0.6179241745930221
transformer_e128_2_nd_l128_m_/r_/transformer_e128_2_nd_l128__max_balanced_0_1_1_new,0.5976499189627229,0.5888216447134211,0.8152317880794702,0.7856420626895855,0.7568740955137482,0.7806797853309482,0.7576204523107178,,,,,,,,,,,,,,,,,,,,,,,,,,,,,,,,,,,,,,,,,,,,,,,,,,,,,,,,,,,,,,,,,,,,,,,,,,,,,,,,,,,,,,,,,,,,,,,,,,,,,,,,,,,,,,,,,,,,,,,,,,,,,,,,,,,,,,,,,,,,,,0.7260742496572306
transformer_e128_2_d3_10_l64_m_/r_/transformer_e128_2_d3_10_l64__max_balanced_0_1_1_new,0.7755267423014587,0.5998576005695977,0.7609271523178808,0.7566565554432086,0.7206946454413893,0.8057245080500894,0.823992133726647,,,,,,,,,,,,,,,,,,,,,,,,,,,,,,,,,,,,,,,,,,,,,,,,,,,,,,,,,,,,,,,,,,,,,,,,,,,,,,,,,,,,,,,,,,,,,,,,,,,,,,,,,,,,,,,,,,,,,,,,,,,,,,,,,,,,,,,,,,,,,,0.7490541911214673
transformer_e128_2_d3_10_l32_m_/r_/transformer_e128_2_d3_10_l32__max_balanced_0_1_1_new,1.0,0.0,0.8639072847682119,0.7957532861476239,0.7080318379160637,0.8457960644007155,0.827433628318584,,,,,,,,,,,,,,,,,,,,,,,,,,,,,,,,,,,,,,,,,,,,,,,,,,,,,,,,,,,,,,,,,,,,,,,,,,,,,,,,,,,,,,,,,,,,,,,,,,,,,,,,,,,,,,,,,,,,,,,,,,,,,,,,,,,,,,,,,,,,,,0.7201317287930283
transformer_e128_2_d3_10_l16_m_/r_/transformer_e128_2_d3_10_l16__max_balanced_0_1_1_new,0.0,1.0,1.0,0.6552072800808898,0.7083936324167872,0.8196779964221824,0.7409046214355949,,,,,,,,,,,,,,,,,,,,,,,,,,,,,,,,,,,,,,,,,,,,,,,,,,,,,,,,,,,,,,,,,,,,,,,,,,,,,,,,,,,,,,,,,,,,,,,,,,,,,,,,,,,,,,,,,,,,,,,,,,,,,,,,,,,,,,,,,,,,,,0.7034547900507793
transformer_e100_2_d3_10_l128_m_/r_/transformer_e100_2_d3_10_l128__max_balanced_0_1_1_new,0.5806320907617504,0.6037735849056604,0.6791390728476822,0.7441860465116279,0.7771345875542692,0.774597495527728,0.8264503441494592,,,,,,,,,,,,,,,,,,,,,,,,,,,,,,,,,,,,,,,,,,,,,,,,,,,,,,,,,,,,,,,,,,,,,,,,,,,,,,,,,,,,,,,,,,,,,,,,,,,,,,,,,,,,,,,,,,,,,,,,,,,,,,,,,,,,,,,,,,,,,,0.712273317465454
transformer_e100_2_d3_10_l128_glove_trainable_m_/r_/transformer_e100_2_d3_10_l128_glove_trainable__max_balanced_0_1_1_new,0.5854943273905997,0.5934496262014952,0.6281456953642384,0.7728345129760701,0.7196092619392185,0.7982110912343471,0.7527040314650935,,,,,,,,,,,,,,,,,,,,,,,,,,,,,,,,,,,,,,,,,,,,,,,,,,,,,,,,,,,,,,,,,,,,,,,,,,,,,,,,,,,,,,,,,,,,,,,,,,,,,,,,,,,,,,,,,,,,,,,,,,,,,,,,,,,,,,,,,,,,,,0.6929212209387232
transformer_e100_2_d3_10_l128_glove_not_trainable_m_/r_/transformer_e100_2_d3_10_l128_glove_not_trainable__max_balanced_0_1_1_new,0.4538087520259319,0.587753648985404,0.6970198675496688,0.6518368722615436,0.611794500723589,0.6125223613595706,0.6312684365781711,,,,,,,,,,,,,,,,,,,,,,,,,,,,,,,,,,,,,,,,,,,,,,,,,,,,,,,,,,,,,,,,,,,,,,,,,,,,,,,,,,,,,,,,,,,,,,,,,,,,,,,,,,,,,,,,,,,,,,,,,,,,,,,,,,,,,,,,,,,,,,0.6065720627834112
transformer_2_d3_20_m_/r_/transformer_2_d3_20__max_balanced_0_1_1_new,0.593192868719611,0.6126735493058028,0.6490066225165563,0.7526120660599933,0.7268451519536903,0.7964221824686941,0.7551622418879056,,,,,,,,,,,,,,,,,,,,,,,,,,,,,,,,,,,,,,,,,,,,,,,,,,,,,,,,,,,,,,,,,,,,,,,,,,,,,,,,,,,,,,,,,,,,,,,,,,,,,,,,,,,,,,,,,,,,,,,,,,,,,,,,,,,,,,,,,,,,,,0.6979878118446077
transformer_2_2_m_/r_/transformer_2_2__max_balanced_0_1_1_new,0.5555105348460292,0.6286934852260591,0.6652317880794701,0.7448601280754972,0.7623010130246021,0.7581395348837209,0.8220255653883972,,,,,,,,,,,,,,,,,,,,,,,,,,,,,,,,,,,,,,,,,,,,,,,,,,,,,,,,,,,,,,,,,,,,,,,,,,,,,,,,,,,,,,,,,,,,,,,,,,,,,,,,,,,,,,,,,,,,,,,,,,,,,,,,,,,,,,,,,,,,,,0.7052517213605395
transformer2_e64_2_d3_10_l128_m_/r_/transformer2_e64_2_d3_10_l128__max_balanced_0_1_1_new,0.6758508914100486,0.5557137771448915,0.7443708609271523,0.6912706437478935,0.7814761215629522,0.8211091234347049,0.7856440511307768,,,,,,,,,,,,,,,,,,,,,,,,,,,,,,,,,,,,,,,,,,,,,,,,,,,,,,,,,,,,,,,,,,,,,,,,,,,,,,,,,,,,,,,,,,,,,,,,,,,,,,,,,,,,,,,,,,,,,,,,,,,,,,,,,,,,,,,,,,,,,,0.7222050670512027
transformer2_e32_2_d3_10_l128_m_/r_/transformer2_e32_2_d3_10_l128__max_balanced_0_1_1_new,0.5984602917341977,0.6525453898184407,0.7947019867549668,0.6474553420963937,0.7774963820549927,0.8114490161001789,0.7822025565388397,,,,,,,,,,,,,,,,,,,,,,,,,,,,,,,,,,,,,,,,,,,,,,,,,,,,,,,,,,,,,,,,,,,,,,,,,,,,,,,,,,,,,,,,,,,,,,,,,,,,,,,,,,,,,,,,,,,,,,,,,,,,,,,,,,,,,,,,,,,,,,0.7234729950140014
svm_npr_m_/r_/svm_npr__max_balanced_0_new,0.6555915721231766,0.7087931648273407,0.7543046357615895,0.7809234917425009,0.8042691751085383,0.8153846153846154,0.7984267453294002,,,,,,,,,,,,,,,,,,,,,,,,,,,,,,,,,,,,,,,,,,,,,,,,,,,,,,,,,,,,,,,,,,,,,,,,,,,,,,,,,,,,,,,,,,,,,,,,,,,,,,,,,,,,,,,,,,,,,,,,,,,,,,,,,,,,,,,,,,,,,,0.7596704857538803
svm_npr_m_/r_/svm_npr__bayram_new,0.62,0.666,0.722,0.656,0.72,0.798,0.762,,,,,,,,,,,,,,,,,,,,,,,,,,,,,,,,,,,,,,,,,,,,,,,,,,,,,,,,,,,,,,,,,,,,,,,,,,,,,,,,,,,,,,,,,,,,,,,,,,,,,,,,,,,,,,,,,,,,,,,,,,,,,,,,,,,,,,,,,,,,,,0.7062857142857144
svm_npr_m_/r_/svm_npr__bayram_3_7_new,0.634,0.65,0.728,0.678,0.716,0.822,0.772,,,,,,,,,,,,,,,,,,,,,,,,,,,,,,,,,,,,,,,,,,,,,,,,,,,,,,,,,,,,,,,,,,,,,,,,,,,,,,,,,,,,,,,,,,,,,,,,,,,,,,,,,,,,,,,,,,,,,,,,,,,,,,,,,,,,,,,,,,,,,,0.7142857142857143
svm_npr_m_/r_/svm_npr__bayram_1_1_new,0.638,0.654,0.722,0.684,0.726,0.81,0.768,,,,,,,,,,,,,,,,,,,,,,,,,,,,,,,,,,,,,,,,,,,,,,,,,,,,,,,,,,,,,,,,,,,,,,,,,,,,,,,,,,,,,,,,,,,,,,,,,,,,,,,,,,,,,,,,,,,,,,,,,,,,,,,,,,,,,,,,,,,,,,0.7145714285714285
svm_m_/r_/svm_r__,0.572,0.666,0.738,0.658,0.73,0.798,0.762,,,,,,,,,,,,,,,,,,,,,,,,,,,,,,,,,,,,,,,,,,,,,,,,,,,,,,,,,,,,,,,,,,,,,,,,,,,,,,,,,,,,,,,,,,,,,,,,,,,,,,,,,,,,,,,,,,,,,,,,,,,,,,,,,,,,,,,,,,,,,,0.7034285714285714
svm_m_/r_/svm_fullgrid_r__,0.622,0.67,0.728,0.664,0.732,0.802,0.766,,,,,,,,,,,,,,,,,,,,,,,,,,,,,,,,,,,,,,,,,,,,,,,,,,,,,,,,,,,,,,,,,,,,,,,,,,,,,,,,,,,,,,,,,,,,,,,,,,,,,,,,,,,,,,,,,,,,,,,,,,,,,,,,,,,,,,,,,,,,,,0.712
svm_m_/r_/svm_cv_c_r__,0.628,0.67,0.718,0.66,0.738,0.79,0.758,,,,,,,,,,,,,,,,,,,,,,,,,,,,,,,,,,,,,,,,,,,,,,,,,,,,,,,,,,,,,,,,,,,,,,,,,,,,,,,,,,,,,,,,,,,,,,,,,,,,,,,,,,,,,,,,,,,,,,,,,,,,,,,,,,,,,,,,,,,,,,0.708857142857143
svm_m_/r_/svm2_r__,0.646,0.63,0.718,0.67,0.736,0.782,0.764,,,,,,,,,,,,,,,,,,,,,,,,,,,,,,,,,,,,,,,,,,,,,,,,,,,,,,,,,,,,,,,,,,,,,,,,,,,,,,,,,,,,,,,,,,,,,,,,,,,,,,,,,,,,,,,,,,,,,,,,,,,,,,,,,,,,,,,,,,,,,,0.7065714285714286
svm_cv_c_tfidf_m_/r_/svm_cv_c_tfidf__bayram_new,1.0,1.0,1.0,1.0,1.0,1.0,1.0,,,,,,,,,,,,,,,,,,,,,,,,,,,,,,,,,,,,,,,,,,,,,,,,,,,,,,,,,,,,,,,,,,,,,,,,,,,,,,,,,,,,,,,,,,,,,,,,,,,,,,,,,,,,,,,,,,,,,,,,,,,,,,,,,,,,,,,,,,,,,,1.0
svm_cv_c_m_/r_/svm_cv_c_r___max_balanced_0,0.666936790923825,,,,,,,,,,,,,,,,,,,,,,,,,,,,,,,,,,,,,,,,,,,,,,,,,,,,,,,,,,,,,,,,,,,,,,,,,,,,,,,,,,,,,,,,,,,,,,,,,,,,,,,,,,,,,,,,,,,,,,,,,,,,,,,,,,,,,,,,,,,,,,,,,,,,0.666936790923825
svm_cv_c_m_/r_/svm_cv_c__max_balanced_0_new,1.0,1.0,1.0,,,,,,,,,,,,,,,,,,,,,,,,,,,,,,,,,,,,,,,,,,,,,,,,,,,,,,,,,,,,,,,,,,,,,,,,,,,,,,,,,,,,,,,,,,,,,,,,,,,,,,,,,,,,,,,,,,,,,,,,,,,,,,,,,,,,,,,,,,,,,,,,,,1.0
svm_cv_c_m_/r_/svm_cv_c__bayram_new,1.0,1.0,1.0,1.0,1.0,1.0,1.0,,,,,,,,,,,,,,,,,,,,,,,,,,,,,,,,,,,,,,,,,,,,,,,,,,,,,,,,,,,,,,,,,,,,,,,,,,,,,,,,,,,,,,,,,,,,,,,,,,,,,,,,,,,,,,,,,,,,,,,,,,,,,,,,,,,,,,,,,,,,,,1.0
svm_bayram_baseline,0.639,0.658,0.722,0.696,0.73,0.779,0.778,,,,,,,,,,,,,,,,,,,,,,,,,,,,,,,,,,,,,,,,,,,,,,,,,,,,,,,,,,,,,,,,,,,,,,,,,,,,,,,,,,,,,,,,,,,,,,,,,,,,,,,,,,,,,,,,,,,,,,,,,,,,,,,,,,,,,,,,,,,,,,0.7145714285714286
sk_logistic_m_/r_/sk_logisticcv_r__,0.614,0.648,0.692,0.652,0.698,0.774,0.736,,,,,,,,,,,,,,,,,,,,,,,,,,,,,,,,,,,,,,,,,,,,,,,,,,,,,,,,,,,,,,,,,,,,,,,,,,,,,,,,,,,,,,,,,,,,,,,,,,,,,,,,,,,,,,,,,,,,,,,,,,,,,,,,,,,,,,,,,,,,,,0.6877142857142856
sk_logistic_m_/r_/sk_logisticcv2_r__,0.584,0.64,0.692,0.664,0.724,0.782,0.722,,,,,,,,,,,,,,,,,,,,,,,,,,,,,,,,,,,,,,,,,,,,,,,,,,,,,,,,,,,,,,,,,,,,,,,,,,,,,,,,,,,,,,,,,,,,,,,,,,,,,,,,,,,,,,,,,,,,,,,,,,,,,,,,,,,,,,,,,,,,,,0.6868571428571428
sk_logistic_m_/r_/sk_logistic_r__,0.612,0.646,0.688,0.674,0.692,0.762,0.714,,,,,,,,,,,,,,,,,,,,,,,,,,,,,,,,,,,,,,,,,,,,,,,,,,,,,,,,,,,,,,,,,,,,,,,,,,,,,,,,,,,,,,,,,,,,,,,,,,,,,,,,,,,,,,,,,,,,,,,,,,,,,,,,,,,,,,,,,,,,,,0.684
rf_m_/r_/rf_r__,0.512,0.552,0.592,0.63,0.646,0.726,0.674,,,,,,,,,,,,,,,,,,,,,,,,,,,,,,,,,,,,,,,,,,,,,,,,,,,,,,,,,,,,,,,,,,,,,,,,,,,,,,,,,,,,,,,,,,,,,,,,,,,,,,,,,,,,,,,,,,,,,,,,,,,,,,,,,,,,,,,,,,,,,,0.6188571428571429
rf_cv_per4e_tfidf_m_/r_/rf_cv_per4e_tfidf__bayram_new,0.572,0.594,0.624,0.684,0.604,0.718,0.682,,,,,,,,,,,,,,,,,,,,,,,,,,,,,,,,,,,,,,,,,,,,,,,,,,,,,,,,,,,,,,,,,,,,,,,,,,,,,,,,,,,,,,,,,,,,,,,,,,,,,,,,,,,,,,,,,,,,,,,,,,,,,,,,,,,,,,,,,,,,,,0.6397142857142858
rf_cv_per4e_m_/r_/rf_cv_per4e__max_balanced_0_new,0.5911669367909238,0.6190815236739053,,,,,,,,,,,,,,,,,,,,,,,,,,,,,,,,,,,,,,,,,,,,,,,,,,,,,,,,,,,,,,,,,,,,,,,,,,,,,,,,,,,,,,,,,,,,,,,,,,,,,,,,,,,,,,,,,,,,,,,,,,,,,,,,,,,,,,,,,,,,,,,,,,,0.6051242302324146
rf_cv_per4e_m_/r_/rf_cv_per4e__bayram_new,0.592,0.596,0.662,0.652,0.63,0.71,0.664,,,,,,,,,,,,,,,,,,,,,,,,,,,,,,,,,,,,,,,,,,,,,,,,,,,,,,,,,,,,,,,,,,,,,,,,,,,,,,,,,,,,,,,,,,,,,,,,,,,,,,,,,,,,,,,,,,,,,,,,,,,,,,,,,,,,,,,,,,,,,,0.6437142857142858
rf_cv_per4e_m_/r_/rf_cv_per4e__bayram_3_7_new,0.572,0.598,0.658,0.664,0.59,0.72,0.662,,,,,,,,,,,,,,,,,,,,,,,,,,,,,,,,,,,,,,,,,,,,,,,,,,,,,,,,,,,,,,,,,,,,,,,,,,,,,,,,,,,,,,,,,,,,,,,,,,,,,,,,,,,,,,,,,,,,,,,,,,,,,,,,,,,,,,,,,,,,,,0.6377142857142857
rf_cv_per4e_m_/r_/rf_cv_per4e__bayram_1_1_new,0.594,0.608,0.654,0.664,0.618,0.702,0.658,,,,,,,,,,,,,,,,,,,,,,,,,,,,,,,,,,,,,,,,,,,,,,,,,,,,,,,,,,,,,,,,,,,,,,,,,,,,,,,,,,,,,,,,,,,,,,,,,,,,,,,,,,,,,,,,,,,,,,,,,,,,,,,,,,,,,,,,,,,,,,0.6425714285714286
rf_cv_per4e_m_/r_/rf_cv_per4e__3gram_max_balanced_0_new,0.5838735818476499,0.6183695265218939,0.6890728476821192,0.7509268621503202,0.7351664254703328,0.7330948121645796,0.7246804326450345,,,,,,,,,,,,,,,,,,,,,,,,,,,,,,,,,,,,,,,,,,,,,,,,,,,,,,,,,,,,,,,,,,,,,,,,,,,,,,,,,,,,,,,,,,,,,,,,,,,,,,,,,,,,,,,,,,,,,,,,,,,,,,,,,,,,,,,,,,,,,,0.6907406412117043
rf_cv_per4e_m_/r_/rf_cv_per4e__2gram_max_balanced_0_new,0.5879254457050244,0.6094695621217515,0.6930463576158941,0.7529491068419278,0.7301013024602026,0.7313059033989266,0.7173058013765978,,,,,,,,,,,,,,,,,,,,,,,,,,,,,,,,,,,,,,,,,,,,,,,,,,,,,,,,,,,,,,,,,,,,,,,,,,,,,,,,,,,,,,,,,,,,,,,,,,,,,,,,,,,,,,,,,,,,,,,,,,,,,,,,,,,,,,,,,,,,,,0.6888719256457607
rf_cv_m_/r_/rf_cv_r__,0.578,0.61,0.65,0.654,0.616,0.706,0.662,,,,,,,,,,,,,,,,,,,,,,,,,,,,,,,,,,,,,,,,,,,,,,,,,,,,,,,,,,,,,,,,,,,,,,,,,,,,,,,,,,,,,,,,,,,,,,,,,,,,,,,,,,,,,,,,,,,,,,,,,,,,,,,,,,,,,,,,,,,,,,0.6394285714285715
rf_cv_m_/r_/rf_cv_per_r__,0.53,0.564,0.63,0.652,0.672,0.742,0.694,,,,,,,,,,,,,,,,,,,,,,,,,,,,,,,,,,,,,,,,,,,,,,,,,,,,,,,,,,,,,,,,,,,,,,,,,,,,,,,,,,,,,,,,,,,,,,,,,,,,,,,,,,,,,,,,,,,,,,,,,,,,,,,,,,,,,,,,,,,,,,0.6405714285714286
rf_cv_m_/r_/rf_cv_per4g_r__,0.586,0.614,0.648,0.676,0.674,0.764,0.706,,,,,,,,,,,,,,,,,,,,,,,,,,,,,,,,,,,,,,,,,,,,,,,,,,,,,,,,,,,,,,,,,,,,,,,,,,,,,,,,,,,,,,,,,,,,,,,,,,,,,,,,,,,,,,,,,,,,,,,,,,,,,,,,,,,,,,,,,,,,,,0.6668571428571427
rf_cv_m_/r_/rf_cv_per4e_r__,0.588,0.62,0.626,0.67,0.658,0.776,0.704,,,,,,,,,,,,,,,,,,,,,,,,,,,,,,,,,,,,,,,,,,,,,,,,,,,,,,,,,,,,,,,,,,,,,,,,,,,,,,,,,,,,,,,,,,,,,,,,,,,,,,,,,,,,,,,,,,,,,,,,,,,,,,,,,,,,,,,,,,,,,,0.663142857142857
rf_cv_m_/r_/rf_cv_per3_r__,0.584,0.616,,0.67,0.672,0.772,0.692,,,,,,,,,,,,,,,,,,,,,,,,,,,,,,,,,,,,,,,,,,,,,,,,,,,,,,,,,,,,,,,,,,,,,,,,,,,,,,,,,,,,,,,,,,,,,,,,,,,,,,,,,,,,,,,,,,,,,,,,,,,,,,,,,,,,,,,,,,,,,,0.6676666666666667
rf_cv_m_/r_/rf_cv_per2_r__,,0.588,0.666,0.654,0.678,0.746,0.708,,,,,,,,,,,,,,,,,,,,,,,,,,,,,,,,,,,,,,,,,,,,,,,,,,,,,,,,,,,,,,,,,,,,,,,,,,,,,,,,,,,,,,,,,,,,,,,,,,,,,,,,,,,,,,,,,,,,,,,,,,,,,,,,,,,,,,,,,,,,,,0.6733333333333333
rf_bayram_baseline,0.619,0.613,0.671,0.699,0.701,0.751,0.705,,,,,,,,,,,,,,,,,,,,,,,,,,,,,,,,,,,,,,,,,,,,,,,,,,,,,,,,,,,,,,,,,,,,,,,,,,,,,,,,,,,,,,,,,,,,,,,,,,,,,,,,,,,,,,,,,,,,,,,,,,,,,,,,,,,,,,,,,,,,,,0.6798571428571429
nnmulti_relu_m_/r_/nnmulti_relu__bayram_1_1_new,0.61,0.682,0.716,0.7,0.694,0.762,0.768,,,,,,,,,,,,,,,,,,,,,,,,,,,,,,,,,,,,,,,,,,,,,,,,,,,,,,,,,,,,,,,,,,,,,,,,,,,,,,,,,,,,,,,,,,,,,,,,,,,,,,,,,,,,,,,,,,,,,,,,,,,,,,,,,,,,,,,,,,,,,,0.7045714285714285
nnmulti_m_/r_/nnmulti__max_balanced_0_new,0.5684764991896273,0.6340334638661446,0.7599337748344371,0.6976744186046512,0.7858176555716353,0.8039355992844365,0.7915437561455261,,,,,,,,,,,,,,,,,,,,,,,,,,,,,,,,,,,,,,,,,,,,,,,,,,,,,,,,,,,,,,,,,,,,,,,,,,,,,,,,,,,,,,,,,,,,,,,,,,,,,,,,,,,,,,,,,,,,,,,,,,,,,,,,,,,,,,,,,,,,,,0.7202021667852083
nnmulti_m_/r_/nnmulti__bayram_new,0.602,0.434,0.7,0.566,0.726,0.654,0.748,,,,,,,,,,,,,,,,,,,,,,,,,,,,,,,,,,,,,,,,,,,,,,,,,,,,,,,,,,,,,,,,,,,,,,,,,,,,,,,,,,,,,,,,,,,,,,,,,,,,,,,,,,,,,,,,,,,,,,,,,,,,,,,,,,,,,,,,,,,,,,0.6328571428571428
nnmulti_05_m_/r_/nnmulti_05__max_balanced_0_new,0.6414100486223663,0.6133855464578142,0.7870860927152318,0.7377822716548702,0.7557887120115774,0.7871198568872988,0.8092428711897739,,,,,,,,,,,,,,,,,,,,,,,,,,,,,,,,,,,,,,,,,,,,,,,,,,,,,,,,,,,,,,,,,,,,,,,,,,,,,,,,,,,,,,,,,,,,,,,,,,,,,,,,,,,,,,,,,,,,,,,,,,,,,,,,,,,,,,,,,,,,,,0.7331164856484189
nnmulti2_tanh_nd_m_/r_/nnmulti2_tanh_nd__max_balanced_0_10_50_new,0.603322528363047,0.6251334994660022,,,,,,,,,,,,,,,,,,,,,,,,,,,,,,,,,,,,,,,,,,,,,,,,,,,,,,,,,,,,,,,,,,,,,,,,,,,,,,,,,,,,,,,,,,,,,,,,,,,,,,,,,,,,,,,,,,,,,,,,,,,,,,,,,,,,,,,,,,,,,,,,,,,0.6142280139145246
nnmulti2_tanh_m_/r_/nnmulti2_tanh__bayram_1_1_new,0.542,0.654,0.71,0.71,0.808,0.726,0.798,,,,,,,,,,,,,,,,,,,,,,,,,,,,,,,,,,,,,,,,,,,,,,,,,,,,,,,,,,,,,,,,,,,,,,,,,,,,,,,,,,,,,,,,,,,,,,,,,,,,,,,,,,,,,,,,,,,,,,,,,,,,,,,,,,,,,,,,,,,,,,0.706857142857143
nnmulti2_tanh_m_/r_/nnmulti2_tanh__3gram_max_balanced_0_new,0.6746353322528363,0.7707369170523318,0.7006622516556291,0.6862150320188742,0.7239507959479016,0.7878354203935599,0.7871189773844641,,,,,,,,,,,,,,,,,,,,,,,,,,,,,,,,,,,,,,,,,,,,,,,,,,,,,,,,,,,,,,,,,,,,,,,,,,,,,,,,,,,,,,,,,,,,,,,,,,,,,,,,,,,,,,,,,,,,,,,,,,,,,,,,,,,,,,,,,,,,,,0.7330221038150855
nnmulti2_tanh_hd_m_/r_/nnmulti2_tanh_hd__max_balanced_0_10_50_new,0.5903565640194489,,,,,,,,,,,,,,,,,,,,,,,,,,,,,,,,,,,,,,,,,,,,,,,,,,,,,,,,,,,,,,,,,,,,,,,,,,,,,,,,,,,,,,,,,,,,,,,,,,,,,,,,,,,,,,,,,,,,,,,,,,,,,,,,,,,,,,,,,,,,,,,,,,,,0.5903565640194489
nnmulti2_relu_m_/r_/nnmulti2_relu__bayram_1_1_new,0.61,0.694,0.74,0.712,0.792,0.806,0.796,,,,,,,,,,,,,,,,,,,,,,,,,,,,,,,,,,,,,,,,,,,,,,,,,,,,,,,,,,,,,,,,,,,,,,,,,,,,,,,,,,,,,,,,,,,,,,,,,,,,,,,,,,,,,,,,,,,,,,,,,,,,,,,,,,,,,,,,,,,,,,0.7357142857142857
nn20nd_tfidf_m_/r_/nn20nd_tfidf__bayram_new,0.644,0.59,0.73,0.654,0.704,0.796,0.77,,,,,,,,,,,,,,,,,,,,,,,,,,,,,,,,,,,,,,,,,,,,,,,,,,,,,,,,,,,,,,,,,,,,,,,,,,,,,,,,,,,,,,,,,,,,,,,,,,,,,,,,,,,,,,,,,,,,,,,,,,,,,,,,,,,,,,,,,,,,,,0.6982857142857143
nn20nd_reg_m_/r_/nn20nd_reg__bayram_1_1_new,0.686,0.712,0.682,0.618,0.724,0.662,0.738,,,,,,,,,,,,,,,,,,,,,,,,,,,,,,,,,,,,,,,,,,,,,,,,,,,,,,,,,,,,,,,,,,,,,,,,,,,,,,,,,,,,,,,,,,,,,,,,,,,,,,,,,,,,,,,,,,,,,,,,,,,,,,,,,,,,,,,,,,,,,,0.6888571428571427
nn20nd_m_/r_/nn20nd_r___max_balanced_0,0.6061588330632091,0.7896048415806337,0.7678807947019868,0.6757667677789012,0.7348046309696092,0.8050089445438283,0.7590953785644051,,,,,,,,,,,,,,,,,,,,,,,,,,,,,,,,,,,,,,,,,,,,,,,,,,,,,,,,,,,,,,,,,,,,,,,,,,,,,,,,,,,,,,,,,,,,,,,,,,,,,,,,,,,,,,,,,,,,,,,,,,,,,,,,,,,,,,,,,,,,,,0.7340457416003676
nn20nd_m_/r_/nn20nd_r__,0.648,0.55,0.792,0.62,0.762,0.698,0.796,,,,,,,,,,,,,,,,,,,,,,,,,,,,,,,,,,,,,,,,,,,,,,,,,,,,,,,,,,,,,,,,,,,,,,,,,,,,,,,,,,,,,,,,,,,,,,,,,,,,,,,,,,,,,,,,,,,,,,,,,,,,,,,,,,,,,,,,,,,,,,0.6951428571428572
nn20nd_m_/r_/nn20nd__max_balanced_0_new,0.6061588330632091,0.7896048415806337,0.7678807947019868,0.6757667677789012,0.7348046309696092,0.8050089445438283,0.7590953785644051,,,,,,,,,,,,,,,,,,,,,,,,,,,,,,,,,,,,,,,,,,,,,,,,,,,,,,,,,,,,,,,,,,,,,,,,,,,,,,,,,,,,,,,,,,,,,,,,,,,,,,,,,,,,,,,,,,,,,,,,,,,,,,,,,,,,,,,,,,,,,,0.7340457416003676
nn20nd_m_/r_/nn20nd__bayram_new,0.652,0.534,0.79,0.612,0.752,0.706,0.796,,,,,,,,,,,,,,,,,,,,,,,,,,,,,,,,,,,,,,,,,,,,,,,,,,,,,,,,,,,,,,,,,,,,,,,,,,,,,,,,,,,,,,,,,,,,,,,,,,,,,,,,,,,,,,,,,,,,,,,,,,,,,,,,,,,,,,,,,,,,,,0.6917142857142856
nn20nd_m_/r_/nn20nd__bayram_3_7_new,0.648,0.648,0.704,0.656,0.754,0.842,0.778,,,,,,,,,,,,,,,,,,,,,,,,,,,,,,,,,,,,,,,,,,,,,,,,,,,,,,,,,,,,,,,,,,,,,,,,,,,,,,,,,,,,,,,,,,,,,,,,,,,,,,,,,,,,,,,,,,,,,,,,,,,,,,,,,,,,,,,,,,,,,,0.7185714285714285
nn20nd_m_/r_/nn20nd__bayram_1_1_new,0.638,0.688,0.708,0.678,0.748,0.838,0.78,,,,,,,,,,,,,,,,,,,,,,,,,,,,,,,,,,,,,,,,,,,,,,,,,,,,,,,,,,,,,,,,,,,,,,,,,,,,,,,,,,,,,,,,,,,,,,,,,,,,,,,,,,,,,,,,,,,,,,,,,,,,,,,,,,,,,,,,,,,,,,0.7254285714285714
nn20nd_m_/r_/nn20nd__3gram_max_balanced_0_new,0.6110210696920584,0.7597009611961553,0.6910596026490067,0.7694641051567239,0.8216353111432706,0.8107334525939177,0.7964601769911505,,,,,,,,,,,,,,,,,,,,,,,,,,,,,,,,,,,,,,,,,,,,,,,,,,,,,,,,,,,,,,,,,,,,,,,,,,,,,,,,,,,,,,,,,,,,,,,,,,,,,,,,,,,,,,,,,,,,,,,,,,,,,,,,,,,,,,,,,,,,,,0.7514392399174691
nn20nd_m_/r_/nn20nd__2gram_max_balanced_0_new,0.6527552674230146,0.7675329298682805,0.6933774834437086,0.760701044826424,0.8361070911722142,0.8085867620751341,0.7851524090462143,,,,,,,,,,,,,,,,,,,,,,,,,,,,,,,,,,,,,,,,,,,,,,,,,,,,,,,,,,,,,,,,,,,,,,,,,,,,,,,,,,,,,,,,,,,,,,,,,,,,,,,,,,,,,,,,,,,,,,,,,,,,,,,,,,,,,,,,,,,,,,0.757744712550713
nn20nd_bayram_baseline,0.606,0.561,0.699,0.657,0.708,0.735,0.743,,,,,,,,,,,,,,,,,,,,,,,,,,,,,,,,,,,,,,,,,,,,,,,,,,,,,,,,,,,,,,,,,,,,,,,,,,,,,,,,,,,,,,,,,,,,,,,,,,,,,,,,,,,,,,,,,,,,,,,,,,,,,,,,,,,,,,,,,,,,,,0.6727142857142857
nn20hd_m_/r_/nn20hd_r___max_balanced_0,0.6276337115072933,0.7080811676753292,0.6983443708609272,0.6666666666666666,0.7413169319826338,0.8039355992844365,0.7536873156342183,,,,,,,,,,,,,,,,,,,,,,,,,,,,,,,,,,,,,,,,,,,,,,,,,,,,,,,,,,,,,,,,,,,,,,,,,,,,,,,,,,,,,,,,,,,,,,,,,,,,,,,,,,,,,,,,,,,,,,,,,,,,,,,,,,,,,,,,,,,,,,0.714237966230215
nn20d_tfidf_m_/r_/nn20d_tfidf__bayram_new,0.57,0.622,0.734,0.684,0.686,0.802,0.804,,,,,,,,,,,,,,,,,,,,,,,,,,,,,,,,,,,,,,,,,,,,,,,,,,,,,,,,,,,,,,,,,,,,,,,,,,,,,,,,,,,,,,,,,,,,,,,,,,,,,,,,,,,,,,,,,,,,,,,,,,,,,,,,,,,,,,,,,,,,,,0.7002857142857143
nn20d_reg_m_/r_/nn20d_reg__bayram_1_1_new,0.324,0.516,0.694,0.56,0.696,0.656,0.744,,,,,,,,,,,,,,,,,,,,,,,,,,,,,,,,,,,,,,,,,,,,,,,,,,,,,,,,,,,,,,,,,,,,,,,,,,,,,,,,,,,,,,,,,,,,,,,,,,,,,,,,,,,,,,,,,,,,,,,,,,,,,,,,,,,,,,,,,,,,,,0.5985714285714286
nn20d_m_/r_/nn20d_r__,0.594,0.632,0.736,0.642,0.69,0.818,0.744,,,,,,,,,,,,,,,,,,,,,,,,,,,,,,,,,,,,,,,,,,,,,,,,,,,,,,,,,,,,,,,,,,,,,,,,,,,,,,,,,,,,,,,,,,,,,,,,,,,,,,,,,,,,,,,,,,,,,,,,,,,,,,,,,,,,,,,,,,,,,,0.6937142857142857
nn20d_m_/r_/nn20d__max_balanced_0_new,0.6276337115072933,0.7080811676753292,0.6983443708609272,0.6666666666666666,0.7413169319826338,0.8039355992844365,0.7536873156342183,,,,,,,,,,,,,,,,,,,,,,,,,,,,,,,,,,,,,,,,,,,,,,,,,,,,,,,,,,,,,,,,,,,,,,,,,,,,,,,,,,,,,,,,,,,,,,,,,,,,,,,,,,,,,,,,,,,,,,,,,,,,,,,,,,,,,,,,,,,,,,0.714237966230215
nn20d_m_/r_/nn20d__bayram_new,0.616,0.636,0.73,0.676,0.726,0.706,0.7,,,,,,,,,,,,,,,,,,,,,,,,,,,,,,,,,,,,,,,,,,,,,,,,,,,,,,,,,,,,,,,,,,,,,,,,,,,,,,,,,,,,,,,,,,,,,,,,,,,,,,,,,,,,,,,,,,,,,,,,,,,,,,,,,,,,,,,,,,,,,,0.6842857142857143
nn20d_m_/r_/nn20d__bayram_3_7_new,0.712,0.69,0.676,0.688,0.696,0.778,0.776,,,,,,,,,,,,,,,,,,,,,,,,,,,,,,,,,,,,,,,,,,,,,,,,,,,,,,,,,,,,,,,,,,,,,,,,,,,,,,,,,,,,,,,,,,,,,,,,,,,,,,,,,,,,,,,,,,,,,,,,,,,,,,,,,,,,,,,,,,,,,,0.7165714285714285
nn20d_m_/r_/nn20d__bayram_1_1_new,0.656,0.716,0.766,0.704,0.75,0.786,0.784,,,,,,,,,,,,,,,,,,,,,,,,,,,,,,,,,,,,,,,,,,,,,,,,,,,,,,,,,,,,,,,,,,,,,,,,,,,,,,,,,,,,,,,,,,,,,,,,,,,,,,,,,,,,,,,,,,,,,,,,,,,,,,,,,,,,,,,,,,,,,,0.7374285714285714
nn20d_m_/r_/nn20d__3gram_max_balanced_0_new,0.6936790923824959,0.7112851548593806,0.7334437086092715,0.756319514661274,0.7872648335745297,0.8053667262969588,0.8112094395280236,,,,,,,,,,,,,,,,,,,,,,,,,,,,,,,,,,,,,,,,,,,,,,,,,,,,,,,,,,,,,,,,,,,,,,,,,,,,,,,,,,,,,,,,,,,,,,,,,,,,,,,,,,,,,,,,,,,,,,,,,,,,,,,,,,,,,,,,,,,,,,0.756938352844562
nn20d_m_/r_/nn20d__2gram_max_balanced_0_new,0.6454619124797407,0.7216091135635457,0.7801324503311259,0.7664307381193124,0.784370477568741,0.8264758497316637,0.8131760078662733,,,,,,,,,,,,,,,,,,,,,,,,,,,,,,,,,,,,,,,,,,,,,,,,,,,,,,,,,,,,,,,,,,,,,,,,,,,,,,,,,,,,,,,,,,,,,,,,,,,,,,,,,,,,,,,,,,,,,,,,,,,,,,,,,,,,,,,,,,,,,,0.7625223642372003
nn20d_bayram_baseline,0.607,0.677,0.717,0.678,0.699,0.742,0.724,,,,,,,,,,,,,,,,,,,,,,,,,,,,,,,,,,,,,,,,,,,,,,,,,,,,,,,,,,,,,,,,,,,,,,,,,,,,,,,,,,,,,,,,,,,,,,,,,,,,,,,,,,,,,,,,,,,,,,,,,,,,,,,,,,,,,,,,,,,,,,0.692
nn1000nd_tfidf_m_/r_/nn1000nd_tfidf__bayram_new,0.616,0.616,0.778,0.674,0.782,0.836,0.808,,,,,,,,,,,,,,,,,,,,,,,,,,,,,,,,,,,,,,,,,,,,,,,,,,,,,,,,,,,,,,,,,,,,,,,,,,,,,,,,,,,,,,,,,,,,,,,,,,,,,,,,,,,,,,,,,,,,,,,,,,,,,,,,,,,,,,,,,,,,,,0.7299999999999999
nn1000nd_reg_m_/r_/nn1000nd_reg__bayram_1_1_new,0.578,0.768,0.662,0.614,0.684,0.792,0.668,,,,,,,,,,,,,,,,,,,,,,,,,,,,,,,,,,,,,,,,,,,,,,,,,,,,,,,,,,,,,,,,,,,,,,,,,,,,,,,,,,,,,,,,,,,,,,,,,,,,,,,,,,,,,,,,,,,,,,,,,,,,,,,,,,,,,,,,,,,,,,0.6808571428571428
nn1000nd_m_/r_/nn1000nd_r___max_balanced_0,0.6138573743922204,0.7977928088287647,0.7119205298013245,0.7108190091001011,0.7376989869753979,0.8211091234347049,0.8151425762045231,,,,,,,,,,,,,,,,,,,,,,,,,,,,,,,,,,,,,,,,,,,,,,,,,,,,,,,,,,,,,,,,,,,,,,,,,,,,,,,,,,,,,,,,,,,,,,,,,,,,,,,,,,,,,,,,,,,,,,,,,,,,,,,,,,,,,,,,,,,,,,0.7440486298195765
nn1000nd_m_/r_/nn1000nd_r__,0.66,0.714,0.668,0.742,0.622,0.714,0.808,,,,,,,,,,,,,,,,,,,,,,,,,,,,,,,,,,,,,,,,,,,,,,,,,,,,,,,,,,,,,,,,,,,,,,,,,,,,,,,,,,,,,,,,,,,,,,,,,,,,,,,,,,,,,,,,,,,,,,,,,,,,,,,,,,,,,,,,,,,,,,0.704
nn1000nd_m_/r_/nn1000nd__max_balanced_0_new,0.6130470016207455,0.7985048059807761,0.7129139072847682,0.7114930906639704,0.7362518089725036,0.8221824686940966,0.8151425762045231,,,,,,,,,,,,,,,,,,,,,,,,,,,,,,,,,,,,,,,,,,,,,,,,,,,,,,,,,,,,,,,,,,,,,,,,,,,,,,,,,,,,,,,,,,,,,,,,,,,,,,,,,,,,,,,,,,,,,,,,,,,,,,,,,,,,,,,,,,,,,,0.7442193799173406
nn1000nd_m_/r_/nn1000nd__bayram_new,0.622,0.684,0.662,0.596,0.63,0.706,0.72,,,,,,,,,,,,,,,,,,,,,,,,,,,,,,,,,,,,,,,,,,,,,,,,,,,,,,,,,,,,,,,,,,,,,,,,,,,,,,,,,,,,,,,,,,,,,,,,,,,,,,,,,,,,,,,,,,,,,,,,,,,,,,,,,,,,,,,,,,,,,,0.66
nn1000nd_m_/r_/nn1000nd__bayram_3_7_new,0.526,0.58,0.702,0.54,0.624,0.798,0.78,,,,,,,,,,,,,,,,,,,,,,,,,,,,,,,,,,,,,,,,,,,,,,,,,,,,,,,,,,,,,,,,,,,,,,,,,,,,,,,,,,,,,,,,,,,,,,,,,,,,,,,,,,,,,,,,,,,,,,,,,,,,,,,,,,,,,,,,,,,,,,0.65
nn1000nd_m_/r_/nn1000nd__bayram_1_1_new,0.612,0.646,0.696,0.544,0.748,0.728,0.784,,,,,,,,,,,,,,,,,,,,,,,,,,,,,,,,,,,,,,,,,,,,,,,,,,,,,,,,,,,,,,,,,,,,,,,,,,,,,,,,,,,,,,,,,,,,,,,,,,,,,,,,,,,,,,,,,,,,,,,,,,,,,,,,,,,,,,,,,,,,,,0.6797142857142857
nn1000nd_m_/r_/nn1000nd__3gram_max_balanced_0_new,0.6223662884927067,0.7650409398362407,0.7105960264900663,0.7751937984496124,0.8024602026049205,0.8089445438282648,0.8058013765978368,,,,,,,,,,,,,,,,,,,,,,,,,,,,,,,,,,,,,,,,,,,,,,,,,,,,,,,,,,,,,,,,,,,,,,,,,,,,,,,,,,,,,,,,,,,,,,,,,,,,,,,,,,,,,,,,,,,,,,,,,,,,,,,,,,,,,,,,,,,,,,0.7557718823285212
nn1000nd_m_/r_/nn1000nd__2gram_max_balanced_0_new,0.619935170178282,0.7710929156283375,0.7079470198675497,0.7539602291877318,0.7912445730824892,0.8082289803220036,0.8058013765978368,,,,,,,,,,,,,,,,,,,,,,,,,,,,,,,,,,,,,,,,,,,,,,,,,,,,,,,,,,,,,,,,,,,,,,,,,,,,,,,,,,,,,,,,,,,,,,,,,,,,,,,,,,,,,,,,,,,,,,,,,,,,,,,,,,,,,,,,,,,,,,0.7511728949806045
nn1000nd_bayram_baseline,0.6,0.613,0.663,0.642,0.697,0.738,0.734,,,,,,,,,,,,,,,,,,,,,,,,,,,,,,,,,,,,,,,,,,,,,,,,,,,,,,,,,,,,,,,,,,,,,,,,,,,,,,,,,,,,,,,,,,,,,,,,,,,,,,,,,,,,,,,,,,,,,,,,,,,,,,,,,,,,,,,,,,,,,,0.6695714285714286
nn1000hd_tfidf_m_/r_/nn1000hd_tfidf__bayram_new,0.564,0.676,0.698,0.672,0.738,0.838,0.754,,,,,,,,,,,,,,,,,,,,,,,,,,,,,,,,,,,,,,,,,,,,,,,,,,,,,,,,,,,,,,,,,,,,,,,,,,,,,,,,,,,,,,,,,,,,,,,,,,,,,,,,,,,,,,,,,,,,,,,,,,,,,,,,,,,,,,,,,,,,,,0.7057142857142856
nn1000hd_reg_m_/r_/nn1000hd_reg__bayram_1_1_new,0.58,0.504,0.528,0.594,0.522,0.674,0.518,,,,,,,,,,,,,,,,,,,,,,,,,,,,,,,,,,,,,,,,,,,,,,,,,,,,,,,,,,,,,,,,,,,,,,,,,,,,,,,,,,,,,,,,,,,,,,,,,,,,,,,,,,,,,,,,,,,,,,,,,,,,,,,,,,,,,,,,,,,,,,0.5599999999999999
nn1000hd_m_/r_/nn1000hd_r___max_balanced_0,0.6762560777957861,0.7308650765396938,0.7688741721854304,0.7057633973710818,0.7257597684515196,0.7813953488372093,0.7777777777777778,,,,,,,,,,,,,,,,,,,,,,,,,,,,,,,,,,,,,,,,,,,,,,,,,,,,,,,,,,,,,,,,,,,,,,,,,,,,,,,,,,,,,,,,,,,,,,,,,,,,,,,,,,,,,,,,,,,,,,,,,,,,,,,,,,,,,,,,,,,,,,0.7380988027083569
nn1000hd_m_/r_/nn1000hd__max_balanced_0_new,0.6114262560777958,0.7273050907796369,0.7506622516556292,0.7111560498820357,0.7615774240231549,0.815742397137746,0.795968534906588,,,,,,,,,,,,,,,,,,,,,,,,,,,,,,,,,,,,,,,,,,,,,,,,,,,,,,,,,,,,,,,,,,,,,,,,,,,,,,,,,,,,,,,,,,,,,,,,,,,,,,,,,,,,,,,,,,,,,,,,,,,,,,,,,,,,,,,,,,,,,,0.7391197149232266
nn1000hd_m_/r_/nn1000hd__bayram_new,0.562,0.696,0.724,0.654,0.726,0.762,0.74,,,,,,,,,,,,,,,,,,,,,,,,,,,,,,,,,,,,,,,,,,,,,,,,,,,,,,,,,,,,,,,,,,,,,,,,,,,,,,,,,,,,,,,,,,,,,,,,,,,,,,,,,,,,,,,,,,,,,,,,,,,,,,,,,,,,,,,,,,,,,,0.694857142857143
nn1000hd_m_/r_/nn1000hd__bayram_3_7_new,0.674,0.698,0.734,0.72,0.74,0.808,0.774,,,,,,,,,,,,,,,,,,,,,,,,,,,,,,,,,,,,,,,,,,,,,,,,,,,,,,,,,,,,,,,,,,,,,,,,,,,,,,,,,,,,,,,,,,,,,,,,,,,,,,,,,,,,,,,,,,,,,,,,,,,,,,,,,,,,,,,,,,,,,,0.7354285714285714
nn1000hd_m_/r_/nn1000hd__bayram_1_1_new,0.7,0.696,0.716,0.656,0.752,0.806,0.79,,,,,,,,,,,,,,,,,,,,,,,,,,,,,,,,,,,,,,,,,,,,,,,,,,,,,,,,,,,,,,,,,,,,,,,,,,,,,,,,,,,,,,,,,,,,,,,,,,,,,,,,,,,,,,,,,,,,,,,,,,,,,,,,,,,,,,,,,,,,,,0.730857142857143
nn1000hd_m_/r_/nn1000hd__3gram_max_balanced_0_new,0.713128038897893,0.6856532573869705,0.702317880794702,0.7681159420289855,0.8013748191027497,0.861180679785331,0.8195673549655851,,,,,,,,,,,,,,,,,,,,,,,,,,,,,,,,,,,,,,,,,,,,,,,,,,,,,,,,,,,,,,,,,,,,,,,,,,,,,,,,,,,,,,,,,,,,,,,,,,,,,,,,,,,,,,,,,,,,,,,,,,,,,,,,,,,,,,,,,,,,,,0.7644768532803167
nn1000hd_m_/r_/nn1000hd__3gram_max_balanced_0_10_50_new,,,,1.0,,,,,,,,,,,,,,,,,,,,,,,,,,,,,,,,,,,,,,,,,,,,,,,,,,,,,,,,,,,,,,,,,,,,,,,,,,,,,,,,,,,,,,,,,,,,,,,,,,,,,,,,,,,,,,,,,,,,,,,,,,,,,,,,,,,,,,,,,,,,,,,,,1.0
nn1000hd_m_/r_/nn1000hd__2gram_max_balanced_0_new,0.6713938411669368,0.7176931292274831,0.7711920529801325,0.7155375800471857,0.831041968162084,0.8067978533094812,0.7777777777777778,,,,,,,,,,,,,,,,,,,,,,,,,,,,,,,,,,,,,,,,,,,,,,,,,,,,,,,,,,,,,,,,,,,,,,,,,,,,,,,,,,,,,,,,,,,,,,,,,,,,,,,,,,,,,,,,,,,,,,,,,,,,,,,,,,,,,,,,,,,,,,0.7559191718101543
nn1000hd_glc_m_/r_/nn1000hd_glc__3gram_max_balanced_0_10_50_new,0.6766612641815235,,,,,,,,,,,,,,,,,,,,,,,,,,,,,,,,,,,,,,,,,,,,,,,,,,,,,,,,,,,,,,,,,,,,,,,,,,,,,,,,,,,,,,,,,,,,,,,,,,,,,,,,,,,,,,,,,,,,,,,,,,,,,,,,,,,,,,,,,,,,,,,,,,,,0.6766612641815235
nn1000d_m_/r_/nn1000d_r__,0.698,0.626,0.724,0.62,0.706,0.788,0.752,,,,,,,,,,,,,,,,,,,,,,,,,,,,,,,,,,,,,,,,,,,,,,,,,,,,,,,,,,,,,,,,,,,,,,,,,,,,,,,,,,,,,,,,,,,,,,,,,,,,,,,,,,,,,,,,,,,,,,,,,,,,,,,,,,,,,,,,,,,,,,0.702
nn1000d_bayram_baseline,0.641,0.621,0.696,0.672,0.749,0.777,0.766,,,,,,,,,,,,,,,,,,,,,,,,,,,,,,,,,,,,,,,,,,,,,,,,,,,,,,,,,,,,,,,,,,,,,,,,,,,,,,,,,,,,,,,,,,,,,,,,,,,,,,,,,,,,,,,,,,,,,,,,,,,,,,,,,,,,,,,,,,,,,,0.7031428571428571
mnnb_tfidf_m_/r_/mnnb_tfidf__bayram_new,0.594,0.624,0.67,0.66,0.668,0.772,0.724,,,,,,,,,,,,,,,,,,,,,,,,,,,,,,,,,,,,,,,,,,,,,,,,,,,,,,,,,,,,,,,,,,,,,,,,,,,,,,,,,,,,,,,,,,,,,,,,,,,,,,,,,,,,,,,,,,,,,,,,,,,,,,,,,,,,,,,,,,,,,,0.6731428571428573
mnnb_m_/r_/mnnb_r___max_balanced_0,0.5474068071312804,0.5738697045211819,0.6254966887417218,0.6474553420963937,0.6570188133140377,0.6758497316636851,0.7035398230088495,,,,,,,,,,,,,,,,,,,,,,,,,,,,,,,,,,,,,,,,,,,,,,,,,,,,,,,,,,,,,,,,,,,,,,,,,,,,,,,,,,,,,,,,,,,,,,,,,,,,,,,,,,,,,,,,,,,,,,,,,,,,,,,,,,,,,,,,,,,,,,0.6329481300681643
mnnb_m_/r_/mnnb_r__,0.55,0.592,0.636,0.662,0.664,0.75,0.726,,,,,,,,,,,,,,,,,,,,,,,,,,,,,,,,,,,,,,,,,,,,,,,,,,,,,,,,,,,,,,,,,,,,,,,,,,,,,,,,,,,,,,,,,,,,,,,,,,,,,,,,,,,,,,,,,,,,,,,,,,,,,,,,,,,,,,,,,,,,,,0.6542857142857142
mnnb_m_/r_/mnnb_a0_r__,0.55,0.594,0.636,0.664,0.668,0.752,0.728,,,,,,,,,,,,,,,,,,,,,,,,,,,,,,,,,,,,,,,,,,,,,,,,,,,,,,,,,,,,,,,,,,,,,,,,,,,,,,,,,,,,,,,,,,,,,,,,,,,,,,,,,,,,,,,,,,,,,,,,,,,,,,,,,,,,,,,,,,,,,,0.656
mnnb_m_/r_/mnnb__bayram_new,0.55,0.594,0.636,0.664,0.668,0.752,0.728,,,,,,,,,,,,,,,,,,,,,,,,,,,,,,,,,,,,,,,,,,,,,,,,,,,,,,,,,,,,,,,,,,,,,,,,,,,,,,,,,,,,,,,,,,,,,,,,,,,,,,,,,,,,,,,,,,,,,,,,,,,,,,,,,,,,,,,,,,,,,,0.656
mnnb_m_/r_/mnnb__bayram_3_7_new,0.53,0.588,0.632,0.704,0.692,0.768,0.736,,,,,,,,,,,,,,,,,,,,,,,,,,,,,,,,,,,,,,,,,,,,,,,,,,,,,,,,,,,,,,,,,,,,,,,,,,,,,,,,,,,,,,,,,,,,,,,,,,,,,,,,,,,,,,,,,,,,,,,,,,,,,,,,,,,,,,,,,,,,,,0.6642857142857143
mnnb_m_/r_/mnnb__bayram_1_1_new,0.574,0.558,0.618,0.678,0.684,0.696,0.684,,,,,,,,,,,,,,,,,,,,,,,,,,,,,,,,,,,,,,,,,,,,,,,,,,,,,,,,,,,,,,,,,,,,,,,,,,,,,,,,,,,,,,,,,,,,,,,,,,,,,,,,,,,,,,,,,,,,,,,,,,,,,,,,,,,,,,,,,,,,,,0.6417142857142857
mnnb_m_/r_/mnnb__3gram_max_balanced_0_new,0.5567260940032415,0.5845496618013528,0.635430463576159,0.7246376811594203,0.6693198263386396,0.6973166368515206,0.7050147492625368,,,,,,,,,,,,,,,,,,,,,,,,,,,,,,,,,,,,,,,,,,,,,,,,,,,,,,,,,,,,,,,,,,,,,,,,,,,,,,,,,,,,,,,,,,,,,,,,,,,,,,,,,,,,,,,,,,,,,,,,,,,,,,,,,,,,,,,,,,,,,,0.6532850161418386
mnnb_m_/r_/mnnb__2gram_max_balanced_0_new,0.5510534846029174,0.5906016375934496,0.6394039735099337,0.6973373778227165,0.6588277858176556,0.6887298747763864,0.7035398230088495,,,,,,,,,,,,,,,,,,,,,,,,,,,,,,,,,,,,,,,,,,,,,,,,,,,,,,,,,,,,,,,,,,,,,,,,,,,,,,,,,,,,,,,,,,,,,,,,,,,,,,,,,,,,,,,,,,,,,,,,,,,,,,,,,,,,,,,,,,,,,,0.6470705653045583
lstm_word2vec_m_/r_/lstm_word2vec__bayram_1_1_new,0.52,0.794,0.654,0.534,0.648,,,,,,,,,,,,,,,,,,,,,,,,,,,,,,,,,,,,,,,,,,,,,,,,,,,,,,,,,,,,,,,,,,,,,,,,,,,,,,,,,,,,,,,,,,,,,,,,,,,,,,,,,,,,,,,,,,,,,,,,,,,,,,,,,,,,,,,,,,,,,,,,0.63
lstm_m_/r_/lstm__max_balanced_0_new,0.6320907617504052,0.5998576005695977,0.6864238410596026,0.7735085945399394,0.6783646888567294,0.7545617173524151,0.7207472959685349,,,,,,,,,,,,,,,,,,,,,,,,,,,,,,,,,,,,,,,,,,,,,,,,,,,,,,,,,,,,,,,,,,,,,,,,,,,,,,,,,,,,,,,,,,,,,,,,,,,,,,,,,,,,,,,,,,,,,,,,,,,,,,,,,,,,,,,,,,,,,,0.6922220714424607
lstm_m_/r_/lstm__bayram_new,0.524,0.636,0.62,0.58,0.61,0.764,0.716,,,,,,,,,,,,,,,,,,,,,,,,,,,,,,,,,,,,,,,,,,,,,,,,,,,,,,,,,,,,,,,,,,,,,,,,,,,,,,,,,,,,,,,,,,,,,,,,,,,,,,,,,,,,,,,,,,,,,,,,,,,,,,,,,,,,,,,,,,,,,,0.6357142857142858
lstm_m_/r_/lstm__bayram,0.524,0.636,,,,,,,,,,,,,,,,,,,,,,,,,,,,,,,,,,,,,,,,,,,,,,,,,,,,,,,,,,,,,,,,,,,,,,,,,,,,,,,,,,,,,,,,,,,,,,,,,,,,,,,,,,,,,,,,,,,,,,,,,,,,,,,,,,,,,,,,,,,,,,,,,,,0.5800000000000001
lstm_glove_m_/r_/lstm_glove__bayram_new,0.656,0.688,0.492,0.374,0.51,0.752,0.7,,,,,,,,,,,,,,,,,,,,,,,,,,,,,,,,,,,,,,,,,,,,,,,,,,,,,,,,,,,,,,,,,,,,,,,,,,,,,,,,,,,,,,,,,,,,,,,,,,,,,,,,,,,,,,,,,,,,,,,,,,,,,,,,,,,,,,,,,,,,,,0.596
lstm_glove_m_/r_/lstm_glove__bayram_1_1_new,0.482,0.49,0.668,0.55,0.688,0.62,0.694,,,,,,,,,,,,,,,,,,,,,,,,,,,,,,,,,,,,,,,,,,,,,,,,,,,,,,,,,,,,,,,,,,,,,,,,,,,,,,,,,,,,,,,,,,,,,,,,,,,,,,,,,,,,,,,,,,,,,,,,,,,,,,,,,,,,,,,,,,,,,,0.5988571428571429
lstm_glove_50_m_/r_/lstm_glove_50__bayram_1_1_new,0.482,0.49,0.668,0.55,0.69,0.628,0.694,,,,,,,,,,,,,,,,,,,,,,,,,,,,,,,,,,,,,,,,,,,,,,,,,,,,,,,,,,,,,,,,,,,,,,,,,,,,,,,,,,,,,,,,,,,,,,,,,,,,,,,,,,,,,,,,,,,,,,,,,,,,,,,,,,,,,,,,,,,,,,0.6002857142857143
lstm_glove_300_m_/r_/lstm_glove_300__bayram_1_1_new,0.602,0.922,0.504,0.514,0.58,0.826,0.726,,,,,,,,,,,,,,,,,,,,,,,,,,,,,,,,,,,,,,,,,,,,,,,,,,,,,,,,,,,,,,,,,,,,,,,,,,,,,,,,,,,,,,,,,,,,,,,,,,,,,,,,,,,,,,,,,,,,,,,,,,,,,,,,,,,,,,,,,,,,,,0.6677142857142856
lstm_glove_200_m_/r_/lstm_glove_200__bayram_1_1_new,0.468,0.44,0.55,0.604,0.64,0.664,0.69,,,,,,,,,,,,,,,,,,,,,,,,,,,,,,,,,,,,,,,,,,,,,,,,,,,,,,,,,,,,,,,,,,,,,,,,,,,,,,,,,,,,,,,,,,,,,,,,,,,,,,,,,,,,,,,,,,,,,,,,,,,,,,,,,,,,,,,,,,,,,,0.5794285714285715
lstm_glove_100_m_/r_/lstm_glove_100__bayram_1_1_new,0.402,0.534,0.654,0.544,0.594,0.666,0.644,,,,,,,,,,,,,,,,,,,,,,,,,,,,,,,,,,,,,,,,,,,,,,,,,,,,,,,,,,,,,,,,,,,,,,,,,,,,,,,,,,,,,,,,,,,,,,,,,,,,,,,,,,,,,,,,,,,,,,,,,,,,,,,,,,,,,,,,,,,,,,0.5768571428571428
lstm_drop_m_/r_/lstm_drop__bayram_1_1_new,0.498,0.582,0.636,0.51,0.754,0.664,0.764,,,,,,,,,,,,,,,,,,,,,,,,,,,,,,,,,,,,,,,,,,,,,,,,,,,,,,,,,,,,,,,,,,,,,,,,,,,,,,,,,,,,,,,,,,,,,,,,,,,,,,,,,,,,,,,,,,,,,,,,,,,,,,,,,,,,,,,,,,,,,,0.6297142857142858
lstm_drop_glove_32_50_m_/r_/lstm_drop_glove_32_50__bayram_1_1_new,0.568,0.73,0.376,0.564,0.836,0.666,0.68,,,,,,,,,,,,,,,,,,,,,,,,,,,,,,,,,,,,,,,,,,,,,,,,,,,,,,,,,,,,,,,,,,,,,,,,,,,,,,,,,,,,,,,,,,,,,,,,,,,,,,,,,,,,,,,,,,,,,,,,,,,,,,,,,,,,,,,,,,,,,,0.6314285714285715
lstm_drop_glove_32_100_m_/r_/lstm_drop_glove_32_100__bayram_1_1_new,0.708,0.934,0.466,0.712,0.708,0.712,0.764,,,,,,,,,,,,,,,,,,,,,,,,,,,,,,,,,,,,,,,,,,,,,,,,,,,,,,,,,,,,,,,,,,,,,,,,,,,,,,,,,,,,,,,,,,,,,,,,,,,,,,,,,,,,,,,,,,,,,,,,,,,,,,,,,,,,,,,,,,,,,,0.714857142857143
lstm_drop_128_l350_m_/r_/lstm_drop_128_l350__bayram_1_1_new,0.494,0.632,0.338,0.498,0.608,0.644,0.74,,,,,,,,,,,,,,,,,,,,,,,,,,,,,,,,,,,,,,,,,,,,,,,,,,,,,,,,,,,,,,,,,,,,,,,,,,,,,,,,,,,,,,,,,,,,,,,,,,,,,,,,,,,,,,,,,,,,,,,,,,,,,,,,,,,,,,,,,,,,,,0.5648571428571428
lstm_drop_128_b32_m_/r_/lstm_drop_128_b32__bayram_1_1_new,0.592,0.768,0.564,0.494,0.652,0.762,0.654,,,,,,,,,,,,,,,,,,,,,,,,,,,,,,,,,,,,,,,,,,,,,,,,,,,,,,,,,,,,,,,,,,,,,,,,,,,,,,,,,,,,,,,,,,,,,,,,,,,,,,,,,,,,,,,,,,,,,,,,,,,,,,,,,,,,,,,,,,,,,,0.6408571428571429
lstm2_drop_bidi_128_d_2_75_l64_e256_m_/r_/lstm2_drop_bidi_128_d_2_75_l64_e256__max_balanced_0_1_1_new,0.6187196110210696,0.4788180847276611,0.7225165562913908,0.6673407482305359,0.6903039073806078,0.734525939177102,0.7812192723697149,,,,,,,,,,,,,,,,,,,,,,,,,,,,,,,,,,,,,,,,,,,,,,,,,,,,,,,,,,,,,,,,,,,,,,,,,,,,,,,,,,,,,,,,,,,,,,,,,,,,,,,,,,,,,,,,,,,,,,,,,,,,,,,,,,,,,,,,,,,,,,0.6704920170282974
lstm2_drop_bidi_128_d3_50_l32_m_/r_/lstm2_drop_bidi_128_d3_50_l32__max_balanced_0_1_1_new,0.5790113452188006,0.6365254538981844,0.730794701986755,0.6852039096730704,0.7930535455861071,0.7674418604651163,0.7772861356932154,,,,,,,,,,,,,,,,,,,,,,,,,,,,,,,,,,,,,,,,,,,,,,,,,,,,,,,,,,,,,,,,,,,,,,,,,,,,,,,,,,,,,,,,,,,,,,,,,,,,,,,,,,,,,,,,,,,,,,,,,,,,,,,,,,,,,,,,,,,,,,0.7099024217887498
lstm2_drop_bidi_128_d2_75_l64_m_/r_/lstm2_drop_bidi_128_d2_75_l64__max_balanced_0_1_1_new,0.5575364667747164,0.708437166251335,0.6652317880794701,0.7347489046174587,0.7456584659913169,0.7949910554561718,0.7674532940019666,,,,,,,,,,,,,,,,,,,,,,,,,,,,,,,,,,,,,,,,,,,,,,,,,,,,,,,,,,,,,,,,,,,,,,,,,,,,,,,,,,,,,,,,,,,,,,,,,,,,,,,,,,,,,,,,,,,,,,,,,,,,,,,,,,,,,,,,,,,,,,0.7105795915960622
lstm2_drop_bidi_128_05_m_/r_/lstm2_drop_bidi_128_05__bayram_1_1_new,0.69,0.632,0.568,0.648,0.664,0.602,0.676,,,,,,,,,,,,,,,,,,,,,,,,,,,,,,,,,,,,,,,,,,,,,,,,,,,,,,,,,,,,,,,,,,,,,,,,,,,,,,,,,,,,,,,,,,,,,,,,,,,,,,,,,,,,,,,,,,,,,,,,,,,,,,,,,,,,,,,,,,,,,,0.64
lstm2_drop_bidi_128_05_l32_m_/r_/lstm2_drop_bidi_128_05_l32__bayram_1_1_new,0.542,0.592,0.652,0.6,0.744,0.656,0.756,,,,,,,,,,,,,,,,,,,,,,,,,,,,,,,,,,,,,,,,,,,,,,,,,,,,,,,,,,,,,,,,,,,,,,,,,,,,,,,,,,,,,,,,,,,,,,,,,,,,,,,,,,,,,,,,,,,,,,,,,,,,,,,,,,,,,,,,,,,,,,0.6488571428571428
lstm2_drop_128_05_m_/r_/lstm2_drop_128_05__bayram_1_1_new,1.0,0.492,0.644,0.556,0.526,0.618,0.626,,,,,,,,,,,,,,,,,,,,,,,,,,,,,,,,,,,,,,,,,,,,,,,,,,,,,,,,,,,,,,,,,,,,,,,,,,,,,,,,,,,,,,,,,,,,,,,,,,,,,,,,,,,,,,,,,,,,,,,,,,,,,,,,,,,,,,,,,,,,,,0.6374285714285713
lstm2_drop_128_05_l32_m_/r_/lstm2_drop_128_05_l32__max_balanced_0_1_1_new,0.5198541329011345,0.5799216803132787,0.6907284768211921,0.7138523761375126,0.7297395079594791,0.7821109123434705,0.7910521140609637,,,,,,,,,,,,,,,,,,,,,,,,,,,,,,,,,,,,,,,,,,,,,,,,,,,,,,,,,,,,,,,,,,,,,,,,,,,,,,,,,,,,,,,,,,,,,,,,,,,,,,,,,,,,,,,,,,,,,,,,,,,,,,,,,,,,,,,,,,,,,,0.6867513143624331
lstm2_drop_128_05_l32_m_/r_/lstm2_drop_128_05_l32__bayram_1_1_new,0.516,0.53,0.622,0.612,0.588,0.704,0.692,,,,,,,,,,,,,,,,,,,,,,,,,,,,,,,,,,,,,,,,,,,,,,,,,,,,,,,,,,,,,,,,,,,,,,,,,,,,,,,,,,,,,,,,,,,,,,,,,,,,,,,,,,,,,,,,,,,,,,,,,,,,,,,,,,,,,,,,,,,,,,0.6091428571428572
lstm2_bidi_128_m_/r_/lstm2_bidi_128__bayram_1_1_new,0.416,0.852,0.532,0.566,0.444,0.858,0.782,,,,,,,,,,,,,,,,,,,,,,,,,,,,,,,,,,,,,,,,,,,,,,,,,,,,,,,,,,,,,,,,,,,,,,,,,,,,,,,,,,,,,,,,,,,,,,,,,,,,,,,,,,,,,,,,,,,,,,,,,,,,,,,,,,,,,,,,,,,,,,0.6357142857142858
logistic_tfidf_m_/r_/logistic_tfidf__bayram_new,0.586,0.69,0.712,0.662,0.738,0.78,0.75,,,,,,,,,,,,,,,,,,,,,,,,,,,,,,,,,,,,,,,,,,,,,,,,,,,,,,,,,,,,,,,,,,,,,,,,,,,,,,,,,,,,,,,,,,,,,,,,,,,,,,,,,,,,,,,,,,,,,,,,,,,,,,,,,,,,,,,,,,,,,,0.7025714285714286
logistic_test_m_/r_/logistic_test__max_balanced_0,0.6081847649918962,0.6564613741545033,0.7486754966887417,0.7364341085271318,0.76410998552822,0.7899821109123435,0.7753195673549655,,,,,,,,,,,,,,,,,,,,,,,,,,,,,,,,,,,,,,,,,,,,,,,,,,,,,,,,,,,,,,,,,,,,,,,,,,,,,,,,,,,,,,,,,,,,,,,,,,,,,,,,,,,,,,,,,,,,,,,,,,,,,,,,,,,,,,,,,,,,,,0.7255953440225431
logistic_sig_m_/r_/logistic_sig__bayram_new,0.638,0.688,0.712,0.664,0.722,0.792,0.73,,,,,,,,,,,,,,,,,,,,,,,,,,,,,,,,,,,,,,,,,,,,,,,,,,,,,,,,,,,,,,,,,,,,,,,,,,,,,,,,,,,,,,,,,,,,,,,,,,,,,,,,,,,,,,,,,,,,,,,,,,,,,,,,,,,,,,,,,,,,,,0.7065714285714285
logistic_range_m_/r_/logistic_range__3gram_max_balanced_0_new,0.6588330632090762,0.7109291562833748,,,,,,,,,,,,,,,,,,,,,,,,,,,,,,,,,,,,,,,,,,,,,,,,,,,,,,,,,,,,0.7008547008547008,0.7215799614643545,0.6955056179775281,,,,,,,,,,,,,,,,,,,,,,,,,,,,,,,,,,,,,,,,,,,,,,,,,,,,,,,,,,,,,,,,,,,,,,,,,,,,,,,,,,,,,0.6975404999578069
logistic_m_/r_/logistic_r___max_balanced_0,0.6081847649918962,0.6564613741545033,0.7486754966887417,0.7364341085271318,0.76410998552822,0.7899821109123435,0.7753195673549655,,,,,,,,,,,,,,,,,,,,,,,,,,,,,,,,,,,,,,,,,,,,,,,,,,,,,,,,,,,,,,,,,,,,,,,,,,,,,,,,,,,,,,,,,,,,,,,,,,,,,,,,,,,,,,,,,,,,,,,,,,,,,,,,,,,,,,,,,,,,,,0.7255953440225431
logistic_m_/r_/logistic_r___3gram_bayram,0.594,0.662,0.764,0.648,0.74,0.826,0.758,,,,,,,,,,,,,,,,,,,,,,,,,,,,,,,,,,,,,,,,,,,,,,,,,,,,,,,,,,,,,,,,,,,,,,,,,,,,,,,,,,,,,,,,,,,,,,,,,,,,,,,,,,,,,,,,,,,,,,,,,,,,,,,,,,,,,,,,,,,,,,0.7131428571428572
logistic_m_/r_/logistic_r___2gram_bayram,0.688,0.696,0.77,0.674,0.774,0.808,0.778,,,,,,,,,,,,,,,,,,,,,,,,,,,,,,,,,,,,,,,,,,,,,,,,,,,,,,,,,,,,,,,,,,,,,,,,,,,,,,,,,,,,,,,,,,,,,,,,,,,,,,,,,,,,,,,,,,,,,,,,,,,,,,,,,,,,,,,,,,,,,,0.7411428571428572
logistic_m_/r_/logistic_r__,0.596,0.682,0.712,0.658,0.736,0.788,0.748,,,,,,,,,,,,,,,,,,,,,,,,,,,,,,,,,,,,,,,,,,,,,,,,,,,,,,,,,,,,,,,,,,,,,,,,,,,,,,,,,,,,,,,,,,,,,,,,,,,,,,,,,,,,,,,,,,,,,,,,,,,,,,,,,,,,,,,,,,,,,,0.702857142857143
logistic_m_/r_/logistic_new,,,,,,,,,,,,,,,,,,,,,,,,,,,,,,,,,,,,,,,,,,,,,,,,,,,,,,,,,,,,,,,,,,,,,,,,0.765869365225391,0.762,,1.0,0.6464444444444445,,,,,,,,,,,,,,,,,,,,,,,,,,,,,,,,,,,,,,,,,,,,,,,,,,,,,,,,,,,,,,,,,,,,,,,,,0.793578452417459
logistic_m_/r_/logistic__max_balanced_0_new,0.6081847649918962,0.6564613741545033,0.7486754966887417,0.7364341085271318,0.76410998552822,0.7899821109123435,0.7753195673549655,0.6688918558077437,0.6422466422466423,0.6413155190133607,0.6155660377358491,0.6333789329685362,0.6091101694915254,0.6533864541832669,0.6465648854961832,0.6778846153846154,0.6410958904109589,0.6263368983957219,0.6245210727969349,0.6474654377880185,0.6747114375655824,0.6343519494204426,0.6974595842956121,0.7174295774647887,0.6811175337186898,0.6528623629719854,0.6796585003711952,0.65992757996379,0.6938098747236551,0.6530773277222515,0.6754745068850019,0.6570631970260223,0.6741803278688525,0.67440543601359,0.6680161943319838,0.6721938775510204,0.6491410723581468,0.6130268199233716,0.6774441878367975,0.6976902173913043,0.6744868035190615,0.6830955469087765,0.6606037151702786,0.6829931972789116,0.7254758418740849,,0.640318302387268,0.6767001114827201,0.6194573130377233,0.5997150997150997,0.609202851587816,0.6939435968562182,0.723521905572097,0.6760030280090841,0.6542901716068643,0.6686046511627907,0.6284246575342466,0.6477651767845231,0.6551101480678946,0.6266173752310537,0.6764357608052102,,,,,,,,,,,,,,,,,,,,,,,,,,,,,,,,,,,,,,,,,,,,,,,,,,,,,,,,,,,,,,,,,,,,,,,,,,,,,,,,,,,,,,,,0.6672123106645497
logistic_m_/r_/logistic__max_balanced_0_3_7_new,0.6596434359805511,0.6621573513705945,0.7506622516556292,0.7600269632625548,0.7619392185238785,0.7971377459749552,0.7979351032448377,0.6902536715620827,0.5982905982905983,0.6485097636176773,0.5904088050314465,0.63406292749658,0.6588983050847458,0.6165338645418327,0.5954198473282443,0.6388888888888888,0.6041095890410959,0.6163101604278075,0.6104725415070242,0.7012288786482335,0.6915005246589717,0.6691253951527925,0.687066974595843,0.7130281690140845,0.684971098265896,0.6626065773447016,0.6670378619153675,0.6722993361496681,0.6989683124539425,0.6728037874802736,0.6963155935988091,0.6658921933085502,0.6854508196721312,0.6868629671574179,0.676923076923077,0.7021683673469388,0.6621551275377408,0.6695402298850575,0.6851424172440339,0.6881793478260869,0.6832844574780058,0.6709900562040639,0.6586687306501547,0.7083900226757369,0.7159590043923866,0.7050713934022649,0.649867374005305,0.6995540691192865,0.6260754467240238,0.6405508072174739,0.6169799092676604,0.7142857142857143,0.7277754147171417,0.6843300529901589,0.6458658346333853,0.6366279069767442,0.6571061643835616,0.6507671781187458,0.66738894907909,0.6395563770794824,0.6678507992895204,0.7064431295200526,0.6631342324983943,0.6254681647940075,0.7115729129344321,0.7310118597022458,0.7478676219720232,0.7212020033388982,0.7766272189349113,0.8069472277889111,0.8298906439854192,,,0.7507163323782235,,,,,,,,,,,,,,,,,,,,,,,,,,,,,,,,,,,,,,,,,,,,,,,,,,,,,,,,,,,,,,,,,,,,,,,,,,,0.6828993763826118
logistic_m_/r_/logistic__max_balanced_0_3_7,,,,,,,,,,,,,,,,,,,,,,,,,,,,,,,,,,,,,,,,,,,,,,,,,,,,,,,,,,,,,,,,,,,,,,,,,,,,,0.654945054945055,0.6291970802919709,0.6487309644670051,0.6703216374269005,0.6458214894826606,0.6245161290322581,0.6666666666666666,0.7207729468599033,0.7016181229773463,0.7002369668246445,0.7152230971128609,0.707345971563981,0.7079091620986687,0.6670838548185232,0.700589970501475,0.657856093979442,0.6716247139588101,0.7369207772795217,0.6943907156673114,0.6955380577427821,0.705114254624592,0.6726899383983573,0.692358803986711,0.6755663430420712,0.7199485199485199,0.6660550458715596,0.6917771883289124,0.700215672178289,0.6952998379254457,0.6705596107055961,0.6768447837150128,0.7111622554660529,0.7034035656401945,0.7213779128672746,0.7246376811594203,0.7321033210332103,0.75998075998076,0.7004381161007667,0.7215288611544461,0.7003341997772001,0.6926936343681405,0.6753246753246753,0.6924891860007865,0.7057094878253568,0.7137476459510358,0.7039499413375049,0.7044609665427509,0.7268370607028753,0.6816647919010124,0.685823754789272,0.6716146622235686,0.6869592088998764,0.6353741496598639,0.668156091748585,0.7282206525395224,0.7500928332714445,0.6994519757715604,0.6796290756805264,0.6592936139850161,0.6933797909407665,0.7213838792786161,0.7478591817316841,0.7646245969599264,0.7839776803507373,0.7298821117375704,0.8083397092578424,0.7964601769911505,0.7805027590435316,0.8401709401709402,0.8347659980897804,0.8351528384279476,0.8527472527472527,0.7084645343035182
logistic_m_/r_/logistic__max_balanced_0_10_50_new,0.6081847649918962,0.6564613741545033,0.7486754966887417,0.7364341085271318,0.76410998552822,0.7899821109123435,0.7753195673549655,0.6688918558077437,0.6422466422466423,0.6413155190133607,0.6155660377358491,0.6333789329685362,0.6091101694915254,0.6533864541832669,0.6465648854961832,0.6778846153846154,0.6410958904109589,0.6263368983957219,0.6245210727969349,0.6474654377880185,0.6747114375655824,0.6343519494204426,0.6974595842956121,0.7174295774647887,0.6811175337186898,0.6528623629719854,0.6796585003711952,0.65992757996379,0.6938098747236551,0.6530773277222515,0.6754745068850019,0.6570631970260223,0.6741803278688525,0.67440543601359,0.6680161943319838,0.6721938775510204,0.6491410723581468,0.6130268199233716,0.6774441878367975,0.6976902173913043,0.6744868035190615,0.6830955469087765,0.6606037151702786,0.6829931972789116,0.7254758418740849,0.6971935007385525,0.640318302387268,0.6767001114827201,0.6194573130377233,0.5997150997150997,0.609202851587816,0.6939435968562182,0.723521905572097,0.6760030280090841,0.6542901716068643,0.6686046511627907,0.6284246575342466,0.6477651767845231,0.6551101480678946,0.6266173752310537,0.6764357608052102,0.6965811965811965,0.6775850995504175,0.6164794007490637,0.7201719813686851,0.7300025233409033,0.7553735926305015,0.7170283806343907,0.8002958579881657,0.7635270541082164,0.8254353989469421,,,0.760130986492018,,,,,,,,,,,,,,,,,,,,,,,,,,,,,,,,,,,,,,,,,,,,,,,,,,,,,,,,,,,,,,,,,,,,,,,,,,,0.6776742168472505
logistic_m_/r_/logistic__max_balanced_0_10_50,,,,,,,,,,,,,,,,,,,,,,,,,,,,,,,,,,,,,,,,,,,,,,,,,,,,,,,,,,,,,,,,,,,,,,,,,,,,,0.6263736263736264,0.6496350364963503,0.6182741116751269,0.6622807017543859,0.6634451392836839,0.6051612903225806,0.678117048346056,0.6714975845410628,0.6802588996763754,0.7061611374407583,0.6699475065616798,0.6860189573459715,0.6867658574784652,0.6357947434292867,0.6430678466076696,0.5859030837004405,0.6601830663615561,0.6965620328849028,0.6653771760154739,0.6955380577427821,0.6501632208922742,0.6611909650924025,0.6813953488372093,0.6735436893203883,0.7122265122265122,0.6678899082568808,0.6838196286472149,0.6441409058231489,0.6567260940032414,0.6204379562043796,0.642069550466497,0.7364787111622555,0.6612641815235009,0.6565349544072948,0.7279821627647715,0.6730627306273063,0.6974506974506974,0.6867469879518072,0.7220488819552782,0.6539175640549573,0.7193477579178426,0.6228119706380576,0.6802988596146284,0.6603694374475231,0.7160075329566855,0.6722721939773172,0.6947026022304833,0.6912939297124601,0.6735095613048369,0.7075351213282248,0.6852468948803393,0.7122991347342398,0.6282993197278911,0.6621983914209115,0.7124117053481333,0.7107315261789825,0.727141620997981,0.6871073885731379,0.6539422047805922,0.662020905923345,0.6930437983069562,0.7354900095147479,0.7604790419161677,0.7756078118772419,0.7196309584828293,0.7704667176740627,0.7936655798789007,0.7719190680564071,0.8376068376068376,0.8223495702005731,0.8362445414847162,0.8571428571428571,0.6909534501047522
logistic_m_/r_/logistic__max_balanced_0,,,,,,,,,,,,,,,,,,,,,,,,,,,,,,,,,,,,,,,,,,,,,,,,,,,,,,,,,,,,,,,,,,,,,,,,,,,,,0.6263736263736264,0.6496350364963503,0.6182741116751269,0.6622807017543859,0.6634451392836839,0.6051612903225806,0.678117048346056,0.6714975845410628,0.6802588996763754,0.7061611374407583,0.6699475065616798,0.6860189573459715,0.6867658574784652,0.6357947434292867,0.6430678466076696,0.5859030837004405,0.6601830663615561,0.6965620328849028,0.6653771760154739,0.6955380577427821,0.6501632208922742,0.6611909650924025,0.6813953488372093,0.6735436893203883,0.7122265122265122,0.6678899082568808,0.6838196286472149,0.6441409058231489,0.6567260940032414,0.6204379562043796,0.642069550466497,0.7364787111622555,0.6612641815235009,0.6565349544072948,0.7279821627647715,0.6730627306273063,0.6974506974506974,0.6867469879518072,0.7220488819552782,0.6539175640549573,0.7193477579178426,0.6228119706380576,0.6802988596146284,0.6603694374475231,0.7160075329566855,0.6722721939773172,0.6947026022304833,,0.6735095613048369,0.7075351213282248,0.6852468948803393,0.7122991347342398,0.6282993197278911,0.6621983914209115,,,,,,,,,,,,,,,,,,,0.6703840062997214
logistic_m_/r_/logistic__bayram_new,0.596,0.682,0.712,0.658,0.736,0.788,0.748,,,,,,,,,,,,,,,,,,,,,,,,,,,,,,,,,,,,,,,,,,,,,,,,,,,,,,,,,,,,,,,,,,,,,,,,,,,,,,,,,,,,,,,,,,,,,,,,,,,,,,,,,,,,,,,,,,,,,,,,,,,,,,,,,,,,,,,,,,,,,,0.702857142857143
logistic_m_/r_/logistic__bayram_3_7_new,0.636,0.666,0.72,0.704,0.742,0.834,0.778,,,,,,,,,,,,,,,,,,,,,,,,,,,,,,,,,,,,,,,,,,,,,,,,,,,,,,,,,,,,,,,,,,,,,,,,,,,,,,,,,,,,,,,,,,,,,,,,,,,,,,,,,,,,,,,,,,,,,,,,,,,,,,,,,,,,,,,,,,,,,,0.7257142857142858
logistic_m_/r_/logistic__bayram_1_1_new,0.666,0.656,0.72,0.7,0.764,0.812,0.8,,,,,,,,,,,,,,,,,,,,,,,,,,,,,,,,,,,,,,,,,,,,,,,,,,,,,,,,,,,,,,,,,,,,,,,,,,,,,,,,,,,,,,,,,,,,,,,,,,,,,,,,,,,,,,,,,,,,,,,,,,,,,,,,,,,,,,,,,,,,,,0.7311428571428572
logistic_m_/r_/logistic__3gram_max_balanced_0_new,0.6588330632090762,0.7109291562833748,0.7314569536423841,0.7819346140883047,0.7908827785817656,0.8228980322003577,0.7999016715830876,,,,,,,,,,,,,,,,,,,,,,,,,,,,,,,,,,,,,,,,,,,,,,,,,,,,,,,,,,,,,,,,,,,,,,,,,,,,,,,,,,,,,,,,,,,,,,,,,,,,,,,,,,,,,,,,,,,,,,,,,,,,,,,,,,,,,,,,,,,,,,0.7566908956554786
logistic_m_/r_/logistic__2gram_max_balanced_0_new,0.7098865478119936,0.7152011391954433,0.7360927152317881,0.7539602291877318,0.7970332850940666,0.8110912343470483,0.7812192723697149,,,,,,,,,,,,,,,,,,,,,,,,,,,,,,,,,,,,,,,,,,,,,,,,,,,,,,,,,,,,,,,,,,,,,,,,,,,,,,,,,,,,,,,,,,,,,,,,,,,,,,,,,,,,,,,,,,,,,,,,,,,,,,,,,,,,,,,,,,,,,,0.7577834890339695
logistic_dict_m_/r_/logistic_dict__max_balanced_0_10_50_new,0.6081847649918962,0.6564613741545033,0.7486754966887417,0.7364341085271318,0.76410998552822,0.7899821109123435,0.7753195673549655,,,,,,,,,,,,,,,,,,,,,,,,,,,,,,,,,,,,,,,,,,,,,,,,,,,,,,,0.6965811965811965,0.6775850995504175,0.6164794007490637,0.7201719813686851,0.7300025233409033,0.7553735926305015,0.7170283806343907,0.8002958579881657,0.7635270541082164,0.8254353989469421,,,0.760130986492018,,,,,,,,,,,,,,,,,,,,,,,,,,,,,,,,,,,,,,,,,,,,,,,,,,,,,,,,,,,,,,,,,,,,,,,,,,,0.7300988266971279
logistic_dict_m_/r_/logistic_dict__3gram_max_balanced_0_10_50_new,0.6588330632090762,0.7109291562833748,0.7314569536423841,0.7819346140883047,0.7908827785817656,0.8228980322003577,0.7999016715830876,,,,,,,,,,,,,,,,,,,,,,,,,,,,,,,,,,,,,,,,,,,,,,,,,,,,,,,0.7008547008547008,0.7215799614643545,0.6955056179775281,0.7108563238982444,0.8014130709058794,0.7656090071647902,0.7625208681135225,0.801405325443787,0.8099532398129593,0.850546780072904,,,0.7887842816209578,,,,,,,,,,,,,,,,,,,,,,,,,,,,,,,,,,,,,,,,,,,,,,,,,,,,,,,,,,,,,,,,,,,,,,,,,,,0.761436969273221
logistic_dict_m_/r_/logistic_dict__2gram_max_balanced_0_10_50_new,0.7171799027552674,0.7290850836596654,0.7579470198675496,0.7795753286147624,0.7912445730824892,0.815742397137746,0.8048180924287119,,,,,,,,,,,,,,,,,,,,,,,,,,,,,,,,,,,,,,,,,,,,,,,,,,,,,,,0.7268244575936884,0.6904303147077714,0.6812734082397004,0.7255463991400931,0.7794600050466818,0.7830092118730808,0.75,0.8091715976331361,0.8026052104208417,0.8469015795868773,,,0.812116250511666,,,,,,,,,,,,,,,,,,,,,,,,,,,,,,,,,,,,,,,,,,,,,,,,,,,,,,,,,,,,,,,,,,,,,,,,,,,0.7668294906833183
logistic_bayram_baseline,0.596,0.6,0.71,0.667,0.751,0.767,0.771,,,,,,,,,,,,,,,,,,,,,,,,,,,,,,,,,,,,,,,,,,,,,,,,,,,,,,,,,,,,,,,,,,,,,,,,,,,,,,,,,,,,,,,,,,,,,,,,,,,,,,,,,,,,,,,,,,,,,,,,,,,,,,,,,,,,,,,,,,,,,,0.6945714285714286
lda_tfidf_m_/r_/lda_tfidf__bayram_new,0.514,0.558,0.612,0.592,0.572,0.62,0.666,,,,,,,,,,,,,,,,,,,,,,,,,,,,,,,,,,,,,,,,,,,,,,,,,,,,,,,,,,,,,,,,,,,,,,,,,,,,,,,,,,,,,,,,,,,,,,,,,,,,,,,,,,,,,,,,,,,,,,,,,,,,,,,,,,,,,,,,,,,,,,0.5905714285714286
lda_noscale_lsqr_m_/r_/lda_noscale_lsqr__bayram_new,0.52,0.576,0.61,0.598,0.586,0.612,0.66,,,,,,,,,,,,,,,,,,,,,,,,,,,,,,,,,,,,,,,,,,,,,,,,,,,,,,,,,,,,,,,,,,,,,,,,,,,,,,,,,,,,,,,,,,,,,,,,,,,,,,,,,,,,,,,,,,,,,,,,,,,,,,,,,,,,,,,,,,,,,,0.5945714285714285
lda_m_/r_/ldalsqr_r__,0.524,0.564,0.608,0.592,0.572,0.632,0.672,,,,,,,,,,,,,,,,,,,,,,,,,,,,,,,,,,,,,,,,,,,,,,,,,,,,,,,,,,,,,,,,,,,,,,,,,,,,,,,,,,,,,,,,,,,,,,,,,,,,,,,,,,,,,,,,,,,,,,,,,,,,,,,,,,,,,,,,,,,,,,0.594857142857143
lda_m_/r_/lda_r___max_balanced_0,0.5996758508914101,0.6326094695621217,0.6801324503311258,0.6966632962588474,0.7286541244573083,0.7495527728085868,0.7350049164208456,,,,,,,,,,,,,,,,,,,,,,,,,,,,,,,,,,,,,,,,,,,,,,,,,,,,,,,,,,,,,,,,,,,,,,,,,,,,,,,,,,,,,,,,,,,,,,,,,,,,,,,,,,,,,,,,,,,,,,,,,,,,,,,,,,,,,,,,,,,,,,0.6888989829614636
lda_m_/r_/lda_r__,0.524,0.564,0.608,0.592,0.572,0.632,0.672,,,,,,,,,,,,,,,,,,,,,,,,,,,,,,,,,,,,,,,,,,,,,,,,,,,,,,,,,,,,,,,,,,,,,,,,,,,,,,,,,,,,,,,,,,,,,,,,,,,,,,,,,,,,,,,,,,,,,,,,,,,,,,,,,,,,,,,,,,,,,,0.594857142857143
lda_m_/r_/lda__bayram_new,0.524,0.564,0.608,0.592,0.572,0.632,0.672,,,,,,,,,,,,,,,,,,,,,,,,,,,,,,,,,,,,,,,,,,,,,,,,,,,,,,,,,,,,,,,,,,,,,,,,,,,,,,,,,,,,,,,,,,,,,,,,,,,,,,,,,,,,,,,,,,,,,,,,,,,,,,,,,,,,,,,,,,,,,,0.594857142857143
lda_m_/r_/lda__bayram_3_7_new,0.578,0.554,0.62,0.664,0.67,0.72,0.69,,,,,,,,,,,,,,,,,,,,,,,,,,,,,,,,,,,,,,,,,,,,,,,,,,,,,,,,,,,,,,,,,,,,,,,,,,,,,,,,,,,,,,,,,,,,,,,,,,,,,,,,,,,,,,,,,,,,,,,,,,,,,,,,,,,,,,,,,,,,,,0.6422857142857143
lda_m_/r_/lda__bayram_1_1_new,0.544,0.602,0.602,0.642,0.66,0.666,0.628,,,,,,,,,,,,,,,,,,,,,,,,,,,,,,,,,,,,,,,,,,,,,,,,,,,,,,,,,,,,,,,,,,,,,,,,,,,,,,,,,,,,,,,,,,,,,,,,,,,,,,,,,,,,,,,,,,,,,,,,,,,,,,,,,,,,,,,,,,,,,,0.6205714285714284
lda_m_/r_/lda__3gram_max_balanced_0_new,0.5194489465153971,0.5393378426486294,,,,,,,,,,,,,,,,,,,,,,,,,,,,,,,,,,,,,,,,,,,,,,,,,,,,,,,,,,,,,,,,,,,,,,,,,,,,,,,,,,,,,,,,,,,,,,,,,,,,,,,,,,,,,,,,,,,,,,,,,,,,,,,,,,,,,,,,,,,,,,,,,,,0.5293933945820133
lda_6-3_m_/r_/lda_6-3__max_balanced_0_new,0.5996758508914101,0.6326094695621217,0.6801324503311258,0.6966632962588474,0.7286541244573083,0.7495527728085868,0.7350049164208456,,,,,,,,,,,,,,,,,,,,,,,,,,,,,,,,,,,,,,,,,,,,,,,,,,,,,,,,,,,,,,,,,,,,,,,,,,,,,,,,,,,,,,,,,,,,,,,,,,,,,,,,,,,,,,,,,,,,,,,,,,,,,,,,,,,,,,,,,,,,,,0.6888989829614636
lda_6-3_m_/r_/lda_6-3__bayram_new,0.524,0.564,0.608,0.592,0.572,0.632,0.672,,,,,,,,,,,,,,,,,,,,,,,,,,,,,,,,,,,,,,,,,,,,,,,,,,,,,,,,,,,,,,,,,,,,,,,,,,,,,,,,,,,,,,,,,,,,,,,,,,,,,,,,,,,,,,,,,,,,,,,,,,,,,,,,,,,,,,,,,,,,,,0.594857142857143
lda_6-3_m_/r_/lda_6-3__bayram_3_7_new,0.578,0.554,0.62,0.664,0.67,0.72,0.69,,,,,,,,,,,,,,,,,,,,,,,,,,,,,,,,,,,,,,,,,,,,,,,,,,,,,,,,,,,,,,,,,,,,,,,,,,,,,,,,,,,,,,,,,,,,,,,,,,,,,,,,,,,,,,,,,,,,,,,,,,,,,,,,,,,,,,,,,,,,,,0.6422857142857143
lda_6-3_m_/r_/lda_6-3__bayram_1_1_new,0.556,0.572,0.586,0.594,0.6,0.652,0.658,,,,,,,,,,,,,,,,,,,,,,,,,,,,,,,,,,,,,,,,,,,,,,,,,,,,,,,,,,,,,,,,,,,,,,,,,,,,,,,,,,,,,,,,,,,,,,,,,,,,,,,,,,,,,,,,,,,,,,,,,,,,,,,,,,,,,,,,,,,,,,0.6025714285714285
lda_6-3_m_/r_/lda_6-3__3gram_max_balanced_0_new,0.5194489465153971,,,,,,,,,,,,,,,,,,,,,,,,,,,,,,,,,,,,,,,,,,,,,,,,,,,,,,,,,,,,,,,,,,,,,,,,,,,,,,,,,,,,,,,,,,,,,,,,,,,,,,,,,,,,,,,,,,,,,,,,,,,,,,,,,,,,,,,,,,,,,,,,,,,,0.5194489465153971
knn_tfidf_m_/r_/knn_tfidf__bayram_new,0.534,0.542,0.594,0.598,0.62,0.648,0.662,,,,,,,,,,,,,,,,,,,,,,,,,,,,,,,,,,,,,,,,,,,,,,,,,,,,,,,,,,,,,,,,,,,,,,,,,,,,,,,,,,,,,,,,,,,,,,,,,,,,,,,,,,,,,,,,,,,,,,,,,,,,,,,,,,,,,,,,,,,,,,0.5997142857142858
knn_m_/r_/knn_r__,0.542,0.442,0.626,0.676,0.61,0.754,0.676,,,,,,,,,,,,,,,,,,,,,,,,,,,,,,,,,,,,,,,,,,,,,,,,,,,,,,,,,,,,,,,,,,,,,,,,,,,,,,,,,,,,,,,,,,,,,,,,,,,,,,,,,,,,,,,,,,,,,,,,,,,,,,,,,,,,,,,,,,,,,,0.618
knn_m_/r_/knn__bayram_new,0.406,0.44,0.504,0.606,0.61,0.676,0.654,,,,,,,,,,,,,,,,,,,,,,,,,,,,,,,,,,,,,,,,,,,,,,,,,,,,,,,,,,,,,,,,,,,,,,,,,,,,,,,,,,,,,,,,,,,,,,,,,,,,,,,,,,,,,,,,,,,,,,,,,,,,,,,,,,,,,,,,,,,,,,0.5565714285714286
knn_m_/r_/knn__bayram_3_7_new,0.37,0.436,0.472,0.602,0.586,0.65,0.622,,,,,,,,,,,,,,,,,,,,,,,,,,,,,,,,,,,,,,,,,,,,,,,,,,,,,,,,,,,,,,,,,,,,,,,,,,,,,,,,,,,,,,,,,,,,,,,,,,,,,,,,,,,,,,,,,,,,,,,,,,,,,,,,,,,,,,,,,,,,,,0.5339999999999999
knn_m_/r_/knn__bayram_1_1_new,0.356,0.444,0.476,0.6,0.58,0.644,0.586,,,,,,,,,,,,,,,,,,,,,,,,,,,,,,,,,,,,,,,,,,,,,,,,,,,,,,,,,,,,,,,,,,,,,,,,,,,,,,,,,,,,,,,,,,,,,,,,,,,,,,,,,,,,,,,,,,,,,,,,,,,,,,,,,,,,,,,,,,,,,,0.5265714285714286
knn_m_/r_/knn__3gram_max_balanced_0_new,0.526742301458671,0.5795656817372731,0.6420529801324504,0.6983485001685203,0.7141823444283647,0.7076923076923077,0.6892822025565388,,,,,,,,,,,,,,,,,,,,,,,,,,,,,,,,,,,,,,,,,,,,,,,,,,,,,,,,,,,,,,,,,,,,,,,,,,,,,,,,,,,,,,,,,,,,,,,,,,,,,,,,,,,,,,,,,,,,,,,,,,,,,,,,,,,,,,,,,,,,,,0.6511237597391608
knn_m_/r_/knn__2gram_max_balanced_0_new,0.5275526742301458,0.5582057671769313,0.6374172185430463,0.6956521739130435,0.7239507959479016,0.6894454382826476,0.6858407079646017,,,,,,,,,,,,,,,,,,,,,,,,,,,,,,,,,,,,,,,,,,,,,,,,,,,,,,,,,,,,,,,,,,,,,,,,,,,,,,,,,,,,,,,,,,,,,,,,,,,,,,,,,,,,,,,,,,,,,,,,,,,,,,,,,,,,,,,,,,,,,,0.6454378251511883
cnn_m_/r_/cnn__bayram_new,0.546,0.818,0.654,0.0,0.268,0.586,0.83,,,,,,,,,,,,,,,,,,,,,,,,,,,,,,,,,,,,,,,,,,,,,,,,,,,,,,,,,,,,,,,,,,,,,,,,,,,,,,,,,,,,,,,,,,,,,,,,,,,,,,,,,,,,,,,,,,,,,,,,,,,,,,,,,,,,,,,,,,,,,,0.5288571428571428
cnn_m_/r_/cnn__bayram_1_1_new,0.272,0.71,0.604,0.58,0.546,0.782,0.586,,,,,,,,,,,,,,,,,,,,,,,,,,,,,,,,,,,,,,,,,,,,,,,,,,,,,,,,,,,,,,,,,,,,,,,,,,,,,,,,,,,,,,,,,,,,,,,,,,,,,,,,,,,,,,,,,,,,,,,,,,,,,,,,,,,,,,,,,,,,,,0.5828571428571429
cnn_32_5_m_/r_/cnn_32_5__bayram_1_1_new,0.86,,,,,,,,,,,,,,,,,,,,,,,,,,,,,,,,,,,,,,,,,,,,,,,,,,,,,,,,,,,,,,,,,,,,,,,,,,,,,,,,,,,,,,,,,,,,,,,,,,,,,,,,,,,,,,,,,,,,,,,,,,,,,,,,,,,,,,,,,,,,,,,,,,,,0.86
cnn_128_7_e128_s1_m_/r_/cnn_128_7_e128_s1__bayram_1_1_new,0.414,0.572,0.544,0.618,0.6,0.754,0.612,,,,,,,,,,,,,,,,,,,,,,,,,,,,,,,,,,,,,,,,,,,,,,,,,,,,,,,,,,,,,,,,,,,,,,,,,,,,,,,,,,,,,,,,,,,,,,,,,,,,,,,,,,,,,,,,,,,,,,,,,,,,,,,,,,,,,,,,,,,,,,0.5877142857142857
cnn2_avg_drop_128_7_l128_s1_d3_10_e512_m_/r_/cnn2_avg_drop_128_7_l128_s1_d3_10_e512__max_balanced_0_1_1_new,0.5907617504051864,0.6251334994660022,0.7970198675496689,0.7320525783619818,0.7782199710564399,0.7477638640429338,0.7418879056047197,,,,,,,,,,,,,,,,,,,,,,,,,,,,,,,,,,,,,,,,,,,,,,,,,,,,,,,,,,,,,,,,,,,,,,,,,,,,,,,,,,,,,,,,,,,,,,,,,,,,,,,,,,,,,,,,,,,,,,,,,,,,,,,,,,,,,,,,,,,,,,0.7161199194981333
cnn2_avg_drop_128_7_l128_s1_d3_10_e300_glove_trainable_m_/r_/cnn2_avg_drop_128_7_l128_s1_d3_10_e300_glove_trainable__max_balanced_0_1_1_new,0.6175040518638574,0.6340334638661446,0.6880794701986755,0.7408156386922817,0.6812590448625181,0.7817531305903399,0.7846607669616519,,,,,,,,,,,,,,,,,,,,,,,,,,,,,,,,,,,,,,,,,,,,,,,,,,,,,,,,,,,,,,,,,,,,,,,,,,,,,,,,,,,,,,,,,,,,,,,,,,,,,,,,,,,,,,,,,,,,,,,,,,,,,,,,,,,,,,,,,,,,,,0.7040150810050669
cnn2_avg_drop_128_7_l128_s1_d3_10_e300_glove_part_m_/r_/cnn2_avg_drop_128_7_l128_s1_d3_10_e300_glove_part__max_balanced_0_1_1_new,0.5514586709886548,0.6607333570665718,0.7357615894039735,0.7684529828109201,0.731548480463097,0.8085867620751341,0.7482792527040315,,,,,,,,,,,,,,,,,,,,,,,,,,,,,,,,,,,,,,,,,,,,,,,,,,,,,,,,,,,,,,,,,,,,,,,,,,,,,,,,,,,,,,,,,,,,,,,,,,,,,,,,,,,,,,,,,,,,,,,,,,,,,,,,,,,,,,,,,,,,,,0.7149744422160547
cnn2_avg_drop_128_7_l128_s1_d3_10_e300_glove_not_trainable_m_/r_/cnn2_avg_drop_128_7_l128_s1_d3_10_e300_glove_not_trainable__max_balanced_0_1_1_new,0.5887358184764991,0.6735493058027768,0.7225165562913908,0.7401415571284126,0.6870477568740955,0.7735241502683363,0.7251720747295969,,,,,,,,,,,,,,,,,,,,,,,,,,,,,,,,,,,,,,,,,,,,,,,,,,,,,,,,,,,,,,,,,,,,,,,,,,,,,,,,,,,,,,,,,,,,,,,,,,,,,,,,,,,,,,,,,,,,,,,,,,,,,,,,,,,,,,,,,,,,,,0.7015267456530155
cnn2_avg_drop_128_7_l128_s1_d3_10_e300_glove840_trainable_m_/r_/cnn2_avg_drop_128_7_l128_s1_d3_10_e300_glove840_trainable__max_balanced_0_1_1_new,0.5709076175040518,0.6233535065859737,0.6983443708609272,0.7657566565554432,0.7713458755426917,0.7935599284436494,0.7935103244837758,,,,,,,,,,,,,,,,,,,,,,,,,,,,,,,,,,,,,,,,,,,,,,,,,,,,,,,,,,,,,,,,,,,,,,,,,,,,,,,,,,,,,,,,,,,,,,,,,,,,,,,,,,,,,,,,,,,,,,,,,,,,,,,,,,,,,,,,,,,,,,0.7166826114252162
cnn2_avg_drop_128_7_l128_s1_d3_10_e300_glove840_not_trainable_m_/r_/cnn2_avg_drop_128_7_l128_s1_d3_10_e300_glove840_not_trainable__max_balanced_0_1_1_new,0.6770664505672609,0.6917052331790673,0.7473509933774835,0.7441860465116279,0.7337192474674384,0.7974955277280859,0.7566371681415929,,,,,,,,,,,,,,,,,,,,,,,,,,,,,,,,,,,,,,,,,,,,,,,,,,,,,,,,,,,,,,,,,,,,,,,,,,,,,,,,,,,,,,,,,,,,,,,,,,,,,,,,,,,,,,,,,,,,,,,,,,,,,,,,,,,,,,,,,,,,,,0.7354515238532223
cnn2_avg_drop_128_7_l128_s1_d3_10_e256_m_/r_/cnn2_avg_drop_128_7_l128_s1_d3_10_e256__max_balanced_0_1_1_new,0.5311993517017828,0.6642933428266287,0.8006622516556291,0.7111560498820357,0.7568740955137482,0.7695885509838998,0.7551622418879056,,,,,,,,,,,,,,,,,,,,,,,,,,,,,,,,,,,,,,,,,,,,,,,,,,,,,,,,,,,,,,,,,,,,,,,,,,,,,,,,,,,,,,,,,,,,,,,,,,,,,,,,,,,,,,,,,,,,,,,,,,,,,,,,,,,,,,,,,,,,,,0.7127051263502329
cnn2_avg_drop_128_7_l128_s1_d3_10_e200_glove_trainable_m_/r_/cnn2_avg_drop_128_7_l128_s1_d3_10_e200_glove_trainable__max_balanced_0_1_1_new,0.5717179902755267,0.6984692061231755,0.721523178807947,0.7475564543309741,0.7058610709117221,0.7567084078711985,0.8146509341199607,,,,,,,,,,,,,,,,,,,,,,,,,,,,,,,,,,,,,,,,,,,,,,,,,,,,,,,,,,,,,,,,,,,,,,,,,,,,,,,,,,,,,,,,,,,,,,,,,,,,,,,,,,,,,,,,,,,,,,,,,,,,,,,,,,,,,,,,,,,,,,0.7166410346343578
cnn2_avg_drop_128_7_l128_s1_d3_10_e200_glove_part_m_/r_/cnn2_avg_drop_128_7_l128_s1_d3_10_e200_glove_part__max_balanced_0_1_1_new,0.5299837925445705,0.6354574581701673,0.8172185430463577,0.6926188068756319,0.7988422575976846,0.770304114490161,0.7689282202556539,,,,,,,,,,,,,,,,,,,,,,,,,,,,,,,,,,,,,,,,,,,,,,,,,,,,,,,,,,,,,,,,,,,,,,,,,,,,,,,,,,,,,,,,,,,,,,,,,,,,,,,,,,,,,,,,,,,,,,,,,,,,,,,,,,,,,,,,,,,,,,0.7161933132828896
cnn2_avg_drop_128_7_l128_s1_d3_10_e200_glove_not_trainable_m_/r_/cnn2_avg_drop_128_7_l128_s1_d3_10_e200_glove_not_trainable__max_balanced_0_1_1_new,0.557131280388979,0.6500533997864009,0.7519867549668874,0.6525109538254129,0.7185238784370478,0.7599284436493738,0.7482792527040315,,,,,,,,,,,,,,,,,,,,,,,,,,,,,,,,,,,,,,,,,,,,,,,,,,,,,,,,,,,,,,,,,,,,,,,,,,,,,,,,,,,,,,,,,,,,,,,,,,,,,,,,,,,,,,,,,,,,,,,,,,,,,,,,,,,,,,,,,,,,,,0.6912019948225904
cnn2_avg_128_7_l128_s1_e512_m_/r_/cnn2_avg_128_7_l128_s1_e512__max_balanced_0_1_1_new,0.5863047001620746,0.6536133855464578,0.8052980132450331,0.7576676777890125,0.7521707670043415,0.7574239713774598,0.7659783677482792,,,,,,,,,,,,,,,,,,,,,,,,,,,,,,,,,,,,,,,,,,,,,,,,,,,,,,,,,,,,,,,,,,,,,,,,,,,,,,,,,,,,,,,,,,,,,,,,,,,,,,,,,,,,,,,,,,,,,,,,,,,,,,,,,,,,,,,,,,,,,,0.7254938404103798
cnn2_avg_128_7_l128_s1_e300_m_/r_/cnn2_avg_128_7_l128_s1_e300__max_balanced_0_1_1_new,0.5745542949756888,0.688501245995016,0.8162251655629139,0.6879002359285473,0.7673661360347322,0.7420393559928443,0.7246804326450345,,,,,,,,,,,,,,,,,,,,,,,,,,,,,,,,,,,,,,,,,,,,,,,,,,,,,,,,,,,,,,,,,,,,,,,,,,,,,,,,,,,,,,,,,,,,,,,,,,,,,,,,,,,,,,,,,,,,,,,,,,,,,,,,,,,,,,,,,,,,,,0.7144666953049682
cnn2_avg_128_7_l128_s1_e300_glove_trainable_m_/r_/cnn2_avg_128_7_l128_s1_e300_glove_trainable__max_balanced_0_1_1_new,0.6142625607779578,0.6482734069063724,0.766887417218543,0.6835187057633973,0.8017366136034733,0.7953488372093023,0.7428711897738446,,,,,,,,,,,,,,,,,,,,,,,,,,,,,,,,,,,,,,,,,,,,,,,,,,,,,,,,,,,,,,,,,,,,,,,,,,,,,,,,,,,,,,,,,,,,,,,,,,,,,,,,,,,,,,,,,,,,,,,,,,,,,,,,,,,,,,,,,,,,,,0.7218426758932701
cnn2_avg_128_7_l128_s1_e300_glove_not_trainable_m_/r_/cnn2_avg_128_7_l128_s1_e300_glove_not_trainable__max_balanced_0_1_1_new,0.6021069692058347,0.6173015307938768,0.6857615894039735,0.6626221772834513,0.7814761215629522,0.7313059033989266,0.7340216322517208,,,,,,,,,,,,,,,,,,,,,,,,,,,,,,,,,,,,,,,,,,,,,,,,,,,,,,,,,,,,,,,,,,,,,,,,,,,,,,,,,,,,,,,,,,,,,,,,,,,,,,,,,,,,,,,,,,,,,,,,,,,,,,,,,,,,,,,,,,,,,,0.687799417700105
cnn2_avg_128_7_l128_s1_e300_glove840_trainable_m_/r_/cnn2_avg_128_7_l128_s1_e300_glove840_trainable__max_balanced_0_1_1_new,0.6341166936790924,0.6002135991456035,0.7400662251655629,0.7431749241658241,0.7926917510853835,0.7946332737030412,0.7831858407079646,,,,,,,,,,,,,,,,,,,,,,,,,,,,,,,,,,,,,,,,,,,,,,,,,,,,,,,,,,,,,,,,,,,,,,,,,,,,,,,,,,,,,,,,,,,,,,,,,,,,,,,,,,,,,,,,,,,,,,,,,,,,,,,,,,,,,,,,,,,,,,0.7268689010932103
cnn2_avg_128_7_l128_s1_e300_glove840_not_trainable_m_/r_/cnn2_avg_128_7_l128_s1_e300_glove840_not_trainable__max_balanced_0_1_1_new,0.5753646677471637,0.69562121751513,0.7377483443708609,0.661948095719582,0.7814761215629522,0.7398926654740609,0.7718780727630286,,,,,,,,,,,,,,,,,,,,,,,,,,,,,,,,,,,,,,,,,,,,,,,,,,,,,,,,,,,,,,,,,,,,,,,,,,,,,,,,,,,,,,,,,,,,,,,,,,,,,,,,,,,,,,,,,,,,,,,,,,,,,,,,,,,,,,,,,,,,,,0.7091327407361112
cnn2_avg_128_7_l128_s1_e256_m_/r_/cnn2_avg_128_7_l128_s1_e256__max_balanced_0_1_1_new,0.5713128038897893,0.7030971876112495,0.8390728476821192,0.7438490057296933,0.7782199710564399,0.7527728085867621,0.76007866273353,,,,,,,,,,,,,,,,,,,,,,,,,,,,,,,,,,,,,,,,,,,,,,,,,,,,,,,,,,,,,,,,,,,,,,,,,,,,,,,,,,,,,,,,,,,,,,,,,,,,,,,,,,,,,,,,,,,,,,,,,,,,,,,,,,,,,,,,,,,,,,0.735486183898512
cnn2_avg_128_7_l128_s1_e200_m_/r_/cnn2_avg_128_7_l128_s1_e200__max_balanced_0_1_1_new,0.553484602917342,0.7358490566037735,0.8271523178807947,0.669025952140209,0.75,0.7767441860465116,0.7517207472959685,,,,,,,,,,,,,,,,,,,,,,,,,,,,,,,,,,,,,,,,,,,,,,,,,,,,,,,,,,,,,,,,,,,,,,,,,,,,,,,,,,,,,,,,,,,,,,,,,,,,,,,,,,,,,,,,,,,,,,,,,,,,,,,,,,,,,,,,,,,,,,0.7234252661263714
cnn2_avg_128_7_l128_s1_e200_glove_trainable_m_/r_/cnn2_avg_128_7_l128_s1_e200_glove_trainable__max_balanced_0_1_1_new,0.6470826580226904,0.6938412246351015,0.7195364238410596,0.7482305358948432,0.7373371924746743,0.7491949910554562,0.7935103244837758,,,,,,,,,,,,,,,,,,,,,,,,,,,,,,,,,,,,,,,,,,,,,,,,,,,,,,,,,,,,,,,,,,,,,,,,,,,,,,,,,,,,,,,,,,,,,,,,,,,,,,,,,,,,,,,,,,,,,,,,,,,,,,,,,,,,,,,,,,,,,,0.7269619072010859
cnn2_avg_128_7_l128_s1_e200_glove_not_trainable_m_/r_/cnn2_avg_128_7_l128_s1_e200_glove_not_trainable__max_balanced_0_1_1_new,0.6653160453808752,0.5606977572089712,0.6857615894039735,0.5736434108527132,0.7080318379160637,0.7220035778175313,0.7295968534906588,,,,,,,,,,,,,,,,,,,,,,,,,,,,,,,,,,,,,,,,,,,,,,,,,,,,,,,,,,,,,,,,,,,,,,,,,,,,,,,,,,,,,,,,,,,,,,,,,,,,,,,,,,,,,,,,,,,,,,,,,,,,,,,,,,,,,,,,,,,,,,0.6635787245815409
cnn2_avg_128_7_e128_s1_m_/r_/cnn2_avg_128_7_e128_s1__max_balanced_0_1_1_new,0.649513776337115,0.6123175507297971,0.802317880794702,0.6902595214020897,0.7547033285094067,0.7817531305903399,0.772369714847591,,,,,,,,,,,,,,,,,,,,,,,,,,,,,,,,,,,,,,,,,,,,,,,,,,,,,,,,,,,,,,,,,,,,,,,,,,,,,,,,,,,,,,,,,,,,,,,,,,,,,,,,,,,,,,,,,,,,,,,,,,,,,,,,,,,,,,,,,,,,,,0.7233192718872916
cnn2_avg_128_7_e128_s1_d3_50_e512_m_/r_/cnn2_avg_128_7_e128_s1_d3_50_e512__max_balanced_0_1_1_new,0.5660453808752026,0.6984692061231755,0.7990066225165563,0.737108190091001,0.7818379160636758,0.7427549194991055,0.7708947885939036,,,,,,,,,,,,,,,,,,,,,,,,,,,,,,,,,,,,,,,,,,,,,,,,,,,,,,,,,,,,,,,,,,,,,,,,,,,,,,,,,,,,,,,,,,,,,,,,,,,,,,,,,,,,,,,,,,,,,,,,,,,,,,,,,,,,,,,,,,,,,,0.7280167176803743
cnn2_avg_128_7_e128_s1_d3_50_e256_m_/r_/cnn2_avg_128_7_e128_s1_d3_50_e256__max_balanced_0_1_1_new,0.5676661264181524,0.696689213243147,0.8480132450331126,0.7549713515335356,0.7688133140376266,0.776386404293381,0.7792527040314651,,,,,,,,,,,,,,,,,,,,,,,,,,,,,,,,,,,,,,,,,,,,,,,,,,,,,,,,,,,,,,,,,,,,,,,,,,,,,,,,,,,,,,,,,,,,,,,,,,,,,,,,,,,,,,,,,,,,,,,,,,,,,,,,,,,,,,,,,,,,,,0.7416846226557743
cnn2_64_7_m_/r_/cnn2_64_7__bayram_1_1_new,0.802,,,,,,,,,,,,,,,,,,,,,,,,,,,,,,,,,,,,,,,,,,,,,,,,,,,,,,,,,,,,,,,,,,,,,,,,,,,,,,,,,,,,,,,,,,,,,,,,,,,,,,,,,,,,,,,,,,,,,,,,,,,,,,,,,,,,,,,,,,,,,,,,,,,,0.802
cnn2_32_7_m_/r_/cnn2_32_7__bayram_1_1_new,0.128,,,,,,,,,,,,,,,,,,,,,,,,,,,,,,,,,,,,,,,,,,,,,,,,,,,,,,,,,,,,,,,,,,,,,,,,,,,,,,,,,,,,,,,,,,,,,,,,,,,,,,,,,,,,,,,,,,,,,,,,,,,,,,,,,,,,,,,,,,,,,,,,,,,,0.128
cnn2_32_5_m_/r_/cnn2_32_5__bayram_1_1_new,0.308,,,,,,,,,,,,,,,,,,,,,,,,,,,,,,,,,,,,,,,,,,,,,,,,,,,,,,,,,,,,,,,,,,,,,,,,,,,,,,,,,,,,,,,,,,,,,,,,,,,,,,,,,,,,,,,,,,,,,,,,,,,,,,,,,,,,,,,,,,,,,,,,,,,,0.308
cnn2_256_7_nd_m_/r_/cnn2_256_7_nd__bayram_1_1_new,0.702,,,,,,,,,,,,,,,,,,,,,,,,,,,,,,,,,,,,,,,,,,,,,,,,,,,,,,,,,,,,,,,,,,,,,,,,,,,,,,,,,,,,,,,,,,,,,,,,,,,,,,,,,,,,,,,,,,,,,,,,,,,,,,,,,,,,,,,,,,,,,,,,,,,,0.702
cnn2_256_7_nd_e64_s1_m_/r_/cnn2_256_7_nd_e64_s1__bayram_1_1_new,0.498,,,,,,,,,,,,,,,,,,,,,,,,,,,,,,,,,,,,,,,,,,,,,,,,,,,,,,,,,,,,,,,,,,,,,,,,,,,,,,,,,,,,,,,,,,,,,,,,,,,,,,,,,,,,,,,,,,,,,,,,,,,,,,,,,,,,,,,,,,,,,,,,,,,,0.498
cnn2_256_7_nd_e64_m_/r_/cnn2_256_7_nd_e64__bayram_1_1_new,0.284,,,,,,,,,,,,,,,,,,,,,,,,,,,,,,,,,,,,,,,,,,,,,,,,,,,,,,,,,,,,,,,,,,,,,,,,,,,,,,,,,,,,,,,,,,,,,,,,,,,,,,,,,,,,,,,,,,,,,,,,,,,,,,,,,,,,,,,,,,,,,,,,,,,,0.284
cnn2_256_7_e64_s1_m_/r_/cnn2_256_7_e64_s1__bayram_1_1_new,0.636,0.542,0.666,0.542,0.544,0.664,0.706,,,,,,,,,,,,,,,,,,,,,,,,,,,,,,,,,,,,,,,,,,,,,,,,,,,,,,,,,,,,,,,,,,,,,,,,,,,,,,,,,,,,,,,,,,,,,,,,,,,,,,,,,,,,,,,,,,,,,,,,,,,,,,,,,,,,,,,,,,,,,,0.6142857142857144
cnn2_256_7_e128_s1_d95_m_/r_/cnn2_256_7_e128_s1_d95__bayram_1_1_new,0.716,0.494,0.558,0.684,0.6,0.694,0.64,,,,,,,,,,,,,,,,,,,,,,,,,,,,,,,,,,,,,,,,,,,,,,,,,,,,,,,,,,,,,,,,,,,,,,,,,,,,,,,,,,,,,,,,,,,,,,,,,,,,,,,,,,,,,,,,,,,,,,,,,,,,,,,,,,,,,,,,,,,,,,0.6265714285714286
cnn2_128_7_nd_m_/r_/cnn2_128_7_nd__bayram_1_1_new,0.702,,,,,,,,,,,,,,,,,,,,,,,,,,,,,,,,,,,,,,,,,,,,,,,,,,,,,,,,,,,,,,,,,,,,,,,,,,,,,,,,,,,,,,,,,,,,,,,,,,,,,,,,,,,,,,,,,,,,,,,,,,,,,,,,,,,,,,,,,,,,,,,,,,,,0.702
cnn2_128_7_nd_e64_m_/r_/cnn2_128_7_nd_e64__bayram_1_1_new,0.58,,,,,,,,,,,,,,,,,,,,,,,,,,,,,,,,,,,,,,,,,,,,,,,,,,,,,,,,,,,,,,,,,,,,,,,,,,,,,,,,,,,,,,,,,,,,,,,,,,,,,,,,,,,,,,,,,,,,,,,,,,,,,,,,,,,,,,,,,,,,,,,,,,,,0.58
cnn2_128_7_e64_s1_m_/r_/cnn2_128_7_e64_s1__bayram_1_1_new,0.662,0.586,0.48,0.658,0.64,0.772,0.732,,,,,,,,,,,,,,,,,,,,,,,,,,,,,,,,,,,,,,,,,,,,,,,,,,,,,,,,,,,,,,,,,,,,,,,,,,,,,,,,,,,,,,,,,,,,,,,,,,,,,,,,,,,,,,,,,,,,,,,,,,,,,,,,,,,,,,,,,,,,,,0.6471428571428571
cnn2_128_7_e128_s1_m_/r_/cnn2_128_7_e128_s1__max_balanced_0_1_1_new,0.570097244732577,0.5863296546813813,0.6930463576158941,0.7475564543309741,0.7532561505065123,0.7656529516994633,0.7482792527040315,,,,,,,,,,,,,,,,,,,,,,,,,,,,,,,,,,,,,,,,,,,,,,,,,,,,,,,,,,,,,,,,,,,,,,,,,,,,,,,,,,,,,,,,,,,,,,,,,,,,,,,,,,,,,,,,,,,,,,,,,,,,,,,,,,,,,,,,,,,,,,0.6948882951815476
cnn2_128_7_e128_s1_m_/r_/cnn2_128_7_e128_s1__bayram_1_1_new,0.622,0.708,0.698,0.716,0.55,0.808,0.734,,,,,,,,,,,,,,,,,,,,,,,,,,,,,,,,,,,,,,,,,,,,,,,,,,,,,,,,,,,,,,,,,,,,,,,,,,,,,,,,,,,,,,,,,,,,,,,,,,,,,,,,,,,,,,,,,,,,,,,,,,,,,,,,,,,,,,,,,,,,,,0.6908571428571427
cnn2_128_7_e128_s1_d_50_m_/r_/cnn2_128_7_e128_s1_d_50__bayram_1_1_new,0.482,0.66,0.67,0.688,0.664,0.628,0.534,,,,,,,,,,,,,,,,,,,,,,,,,,,,,,,,,,,,,,,,,,,,,,,,,,,,,,,,,,,,,,,,,,,,,,,,,,,,,,,,,,,,,,,,,,,,,,,,,,,,,,,,,,,,,,,,,,,,,,,,,,,,,,,,,,,,,,,,,,,,,,0.6180000000000001
cnn2_128_7_e128_s1_d95_m_/r_/cnn2_128_7_e128_s1_d95__bayram_1_1_new,0.568,0.496,0.656,0.67,0.724,0.838,0.748,,,,,,,,,,,,,,,,,,,,,,,,,,,,,,,,,,,,,,,,,,,,,,,,,,,,,,,,,,,,,,,,,,,,,,,,,,,,,,,,,,,,,,,,,,,,,,,,,,,,,,,,,,,,,,,,,,,,,,,,,,,,,,,,,,,,,,,,,,,,,,0.6714285714285715
cnn2_128_7_e128_s1_d4_50_m_/r_/cnn2_128_7_e128_s1_d4_50__max_balanced_0_1_1_new,0.5559157212317666,0.6336774652901388,0.7221854304635762,0.7856420626895855,0.6541244573082489,0.7638640429338104,0.7295968534906588,,,,,,,,,,,,,,,,,,,,,,,,,,,,,,,,,,,,,,,,,,,,,,,,,,,,,,,,,,,,,,,,,,,,,,,,,,,,,,,,,,,,,,,,,,,,,,,,,,,,,,,,,,,,,,,,,,,,,,,,,,,,,,,,,,,,,,,,,,,,,,0.692143719058255
cnn2_128_7_e128_s1_d4_10_m_/r_/cnn2_128_7_e128_s1_d4_10__max_balanced_0_1_1_new,0.5672609400324149,0.6340334638661446,0.7357615894039735,0.7232895180316818,0.7373371924746743,0.7506261180679785,0.7895771878072763,,,,,,,,,,,,,,,,,,,,,,,,,,,,,,,,,,,,,,,,,,,,,,,,,,,,,,,,,,,,,,,,,,,,,,,,,,,,,,,,,,,,,,,,,,,,,,,,,,,,,,,,,,,,,,,,,,,,,,,,,,,,,,,,,,,,,,,,,,,,,,0.7054122870977347
cnn2_128_7_e128_s1_d3_10_m_/r_/cnn2_128_7_e128_s1_d3_10__max_balanced_0_1_1_new,0.6681523500810372,0.6180135279458883,0.7655629139072848,0.7098078867542973,0.774602026049204,0.7985688729874776,0.755653883972468,,,,,,,,,,,,,,,,,,,,,,,,,,,,,,,,,,,,,,,,,,,,,,,,,,,,,,,,,,,,,,,,,,,,,,,,,,,,,,,,,,,,,,,,,,,,,,,,,,,,,,,,,,,,,,,,,,,,,,,,,,,,,,,,,,,,,,,,,,,,,,0.7271944945282368
cnn2_128_7_e128_s1_d2_95_m_/r_/cnn2_128_7_e128_s1_d2_95__bayram_1_1_new,0.462,0.278,0.734,0.59,0.622,0.738,0.608,,,,,,,,,,,,,,,,,,,,,,,,,,,,,,,,,,,,,,,,,,,,,,,,,,,,,,,,,,,,,,,,,,,,,,,,,,,,,,,,,,,,,,,,,,,,,,,,,,,,,,,,,,,,,,,,,,,,,,,,,,,,,,,,,,,,,,,,,,,,,,0.576
cnn2_128_7_e128_s1_d2_10_95_m_/r_/cnn2_128_7_e128_s1_d2_10_95__bayram_1_1_new,0.66,0.754,0.616,0.618,0.738,0.254,0.772,,,,,,,,,,,,,,,,,,,,,,,,,,,,,,,,,,,,,,,,,,,,,,,,,,,,,,,,,,,,,,,,,,,,,,,,,,,,,,,,,,,,,,,,,,,,,,,,,,,,,,,,,,,,,,,,,,,,,,,,,,,,,,,,,,,,,,,,,,,,,,0.6302857142857142
boost_tfidf_m_/r_/boost_tfidf__bayram_new,0.574,0.6,0.658,0.612,0.628,0.676,0.652,,,,,,,,,,,,,,,,,,,,,,,,,,,,,,,,,,,,,,,,,,,,,,,,,,,,,,,,,,,,,,,,,,,,,,,,,,,,,,,,,,,,,,,,,,,,,,,,,,,,,,,,,,,,,,,,,,,,,,,,,,,,,,,,,,,,,,,,,,,,,,0.6285714285714287
boost_m_/r_/boostcv_r__,0.568,0.614,0.634,0.616,0.676,0.714,0.69,,,,,,,,,,,,,,,,,,,,,,,,,,,,,,,,,,,,,,,,,,,,,,,,,,,,,,,,,,,,,,,,,,,,,,,,,,,,,,,,,,,,,,,,,,,,,,,,,,,,,,,,,,,,,,,,,,,,,,,,,,,,,,,,,,,,,,,,,,,,,,0.6445714285714287
boost_m_/r_/boost_r___max_balanced_0,0.5129659643435981,0.530437878248487,0.6821192052980133,0.632288506909336,0.6244573082489147,0.6053667262969589,0.6583087512291053,,,,,,,,,,,,,,,,,,,,,,,,,,,,,,,,,,,,,,,,,,,,,,,,,,,,,,,,,,,,,,,,,,,,,,,,,,,,,,,,,,,,,,,,,,,,,,,,,,,,,,,,,,,,,,,,,,,,,,,,,,,,,,,,,,,,,,,,,,,,,,0.6065634772249162
boost_m_/r_/boost_r__,0.612,0.646,0.688,0.674,0.692,0.762,0.714,,,,,,,,,,,,,,,,,,,,,,,,,,,,,,,,,,,,,,,,,,,,,,,,,,,,,,,,,,,,,,,,,,,,,,,,,,,,,,,,,,,,,,,,,,,,,,,,,,,,,,,,,,,,,,,,,,,,,,,,,,,,,,,,,,,,,,,,,,,,,,0.684
boost_m_/r_/boost__bayram_new,0.556,0.586,0.602,0.648,0.642,0.704,0.65,,,,,,,,,,,,,,,,,,,,,,,,,,,,,,,,,,,,,,,,,,,,,,,,,,,,,,,,,,,,,,,,,,,,,,,,,,,,,,,,,,,,,,,,,,,,,,,,,,,,,,,,,,,,,,,,,,,,,,,,,,,,,,,,,,,,,,,,,,,,,,0.6268571428571429
boost_m_/r_/boost__bayram_3_7_new,0.584,0.568,0.628,0.65,0.648,0.71,0.658,,,,,,,,,,,,,,,,,,,,,,,,,,,,,,,,,,,,,,,,,,,,,,,,,,,,,,,,,,,,,,,,,,,,,,,,,,,,,,,,,,,,,,,,,,,,,,,,,,,,,,,,,,,,,,,,,,,,,,,,,,,,,,,,,,,,,,,,,,,,,,0.6351428571428571
boost_m_/r_/boost__bayram_1_1_new,0.546,0.58,0.604,0.614,0.628,0.666,0.652,,,,,,,,,,,,,,,,,,,,,,,,,,,,,,,,,,,,,,,,,,,,,,,,,,,,,,,,,,,,,,,,,,,,,,,,,,,,,,,,,,,,,,,,,,,,,,,,,,,,,,,,,,,,,,,,,,,,,,,,,,,,,,,,,,,,,,,,,,,,,,0.6128571428571429
boost_m_/r_/boost__3gram_max_balanced_0_new,0.5044570502431118,0.5197579209683161,0.7013245033112583,0.621840242669363,0.6085383502170767,0.6139534883720931,0.5727630285152409,,,,,,,,,,,,,,,,,,,,,,,,,,,,,,,,,,,,,,,,,,,,,,,,,,,,,,,,,,,,,,,,,,,,,,,,,,,,,,,,,,,,,,,,,,,,,,,,,,,,,,,,,,,,,,,,,,,,,,,,,,,,,,,,,,,,,,,,,,,,,,0.5918049406137799
boost_m_/r_/boost__2gram_max_balanced_0_new,0.5056726094003241,0.5322178711285155,0.6771523178807947,0.5827435119649478,0.6808972503617945,0.5892665474060823,0.5909537856440511,,,,,,,,,,,,,,,,,,,,,,,,,,,,,,,,,,,,,,,,,,,,,,,,,,,,,,,,,,,,,,,,,,,,,,,,,,,,,,,,,,,,,,,,,,,,,,,,,,,,,,,,,,,,,,,,,,,,,,,,,,,,,,,,,,,,,,,,,,,,,,0.5941291276837871
boost_fullgird_m_/r_/boost_fullgird__bayram_new,0.538,0.6,0.634,0.678,0.644,0.742,0.68,,,,,,,,,,,,,,,,,,,,,,,,,,,,,,,,,,,,,,,,,,,,,,,,,,,,,,,,,,,,,,,,,,,,,,,,,,,,,,,,,,,,,,,,,,,,,,,,,,,,,,,,,,,,,,,,,,,,,,,,,,,,,,,,,,,,,,,,,,,,,,0.6451428571428571
boost_6-3_m_/r_/boost_6-3__max_balanced_0_new,0.5129659643435981,0.530437878248487,0.6821192052980133,0.632288506909336,0.6244573082489147,0.6053667262969589,0.6583087512291053,,,,,,,,,,,,,,,,,,,,,,,,,,,,,,,,,,,,,,,,,,,,,,,,,,,,,,,,,,,,,,,,,,,,,,,,,,,,,,,,,,,,,,,,,,,,,,,,,,,,,,,,,,,,,,,,,,,,,,,,,,,,,,,,,,,,,,,,,,,,,,0.6065634772249162
boost_6-3_m_/r_/boost_6-3__bayram_new,0.538,0.6,0.634,0.678,0.644,0.742,0.68,,,,,,,,,,,,,,,,,,,,,,,,,,,,,,,,,,,,,,,,,,,,,,,,,,,,,,,,,,,,,,,,,,,,,,,,,,,,,,,,,,,,,,,,,,,,,,,,,,,,,,,,,,,,,,,,,,,,,,,,,,,,,,,,,,,,,,,,,,,,,,0.6451428571428571
boost_6-3_m_/r_/boost_6-3__bayram_3_7_new,0.584,0.568,0.628,0.65,0.648,0.71,0.658,,,,,,,,,,,,,,,,,,,,,,,,,,,,,,,,,,,,,,,,,,,,,,,,,,,,,,,,,,,,,,,,,,,,,,,,,,,,,,,,,,,,,,,,,,,,,,,,,,,,,,,,,,,,,,,,,,,,,,,,,,,,,,,,,,,,,,,,,,,,,,0.6351428571428571
boost_6-3_m_/r_/boost_6-3__bayram_1_1_new,0.554,0.612,0.628,0.638,0.672,0.654,0.674,,,,,,,,,,,,,,,,,,,,,,,,,,,,,,,,,,,,,,,,,,,,,,,,,,,,,,,,,,,,,,,,,,,,,,,,,,,,,,,,,,,,,,,,,,,,,,,,,,,,,,,,,,,,,,,,,,,,,,,,,,,,,,,,,,,,,,,,,,,,,,0.6331428571428572
boost_6-3_m_/r_/boost_6-3__3gram_max_balanced_0_new,0.5044570502431118,0.5197579209683161,0.7013245033112583,0.621840242669363,0.6085383502170767,0.6139534883720931,0.5727630285152409,,,,,,,,,,,,,,,,,,,,,,,,,,,,,,,,,,,,,,,,,,,,,,,,,,,,,,,,,,,,,,,,,,,,,,,,,,,,,,,,,,,,,,,,,,,,,,,,,,,,,,,,,,,,,,,,,,,,,,,,,,,,,,,,,,,,,,,,,,,,,,0.5918049406137799
boost_6-3_m_/r_/boost_6-3__2gram_max_balanced_0_new,0.5056726094003241,0.5322178711285155,0.6771523178807947,0.5827435119649478,0.6808972503617945,0.5892665474060823,0.5909537856440511,,,,,,,,,,,,,,,,,,,,,,,,,,,,,,,,,,,,,,,,,,,,,,,,,,,,,,,,,,,,,,,,,,,,,,,,,,,,,,,,,,,,,,,,,,,,,,,,,,,,,,,,,,,,,,,,,,,,,,,,,,,,,,,,,,,,,,,,,,,,,,0.5941291276837871
