model,h097,h100,h103,h106,h109,h112,h114,h043,h044,h045,h046,h047,h048,h049,h050,h051,h052,h053,h054,h055,h056,h057,h058,h059,h060,h061,h062,h063,h064,h065,h066,h067,h068,h069,h070,h071,h072,h073,h074,h075,h076,h077,h078,h079,h080,h082,h083,h084,h085,h086,h087,h088,h089,h090,h091,h092,h093,h094,h095,h096,h098,h099,h101,h102,h104,h105,h107,h108,h110,h111,h112_114_max_balanced_0_10_50,h112_114_small_0_10_50,h113,h97_114_max_balanced_0_10_50,h97_114_small_0_10_50,average
xg_boost_fullgird_m_/r_/xg_boost_fullgird__bayram_new,0.575,0.603,0.669,0.651,0.738,0.765,0.713,,,,,,,,,,,,,,,,,,,,,,,,,,,,,,,,,,,,,,,,,,,,,,,,,,,,,,,,,,,,,,,,,,,,,0.6734285714285715
transformer_max_2_d3_10_m_/r_/transformer_max_2_d3_10__max_balanced_0_1_1_new,0.6193273905996759,0.6231755072979708,0.6857615894039735,0.7040781934614089,0.750904486251809,0.7756708407871199,0.7593411996066863,,,,,,,,,,,,,,,,,,,,,,,,,,,,,,,,,,,,,,,,,,,,,,,,,,,,,,,,,,,,,,,,,,,,,0.7026084582012349
transformer_hd_e128_2_d3_90_m_/r_/transformer_hd_e128_2_d3_90__max_balanced_0_1_1_new,0.5016207455429498,0.5299038803844784,0.5026490066225165,0.7035726322885069,0.7662807525325616,0.7788908765652952,0.7694198623402163,,,,,,,,,,,,,,,,,,,,,,,,,,,,,,,,,,,,,,,,,,,,,,,,,,,,,,,,,,,,,,,,,,,,,0.6503339651823606
transformer_e64_2_d3_10_m_/r_/transformer_e64_2_d3_10__max_balanced_0_1_1_new,0.6474878444084279,0.6801352794588822,0.7175496688741722,0.7146949780923492,0.7816570188133141,0.7987477638640429,0.7888397246804326,,,,,,,,,,,,,,,,,,,,,,,,,,,,,,,,,,,,,,,,,,,,,,,,,,,,,,,,,,,,,,,,,,,,,0.7327303254559459
transformer_e64_2_d3_10_l64_m_/r_/transformer_e64_2_d3_10_l64__max_balanced_0_1_1_new,0.6497163695299838,0.6796012815948737,0.7096026490066225,0.7241321199865184,0.776410998552822,0.7978533094812165,0.7922812192723697,,,,,,,,,,,,,,,,,,,,,,,,,,,,,,,,,,,,,,,,,,,,,,,,,,,,,,,,,,,,,,,,,,,,,0.7327997067749152
transformer_e64_2_d3_10_l32_m_/r_/transformer_e64_2_d3_10_l32__max_balanced_0_1_1_new,0.6537682333873582,0.6753292986828052,0.7160596026490066,0.731041456016178,0.7760492040520984,0.7944543828264758,0.7868731563421829,,,,,,,,,,,,,,,,,,,,,,,,,,,,,,,,,,,,,,,,,,,,,,,,,,,,,,,,,,,,,,,,,,,,,0.7333679048508721
transformer_e64_2_d3_10_l128_m_/r_/transformer_e64_2_d3_10_l128__max_balanced_0_1_1_new,0.6503241491085899,0.6801352794588822,0.7172185430463576,0.7180653859116953,0.7800289435600579,0.7932021466905188,0.7932645034414946,,,,,,,,,,,,,,,,,,,,,,,,,,,,,,,,,,,,,,,,,,,,,,,,,,,,,,,,,,,,,,,,,,,,,0.7331769930310851
transformer_e512_2_d3_10_l128_m_/r_/transformer_e512_2_d3_10_l128__max_balanced_0_1_1_new,0.5,0.5,0.7122516556291391,0.5166835187057633,0.5,0.5,0.7940019665683382,,,,,,,,,,,,,,,,,,,,,,,,,,,,,,,,,,,,,,,,,,,,,,,,,,,,,,,,,,,,,,,,,,,,,0.5747053058433201
transformer_e32_2_d3_10_m_/r_/transformer_e32_2_d3_10__max_balanced_0_1_1_new,0.646677471636953,0.6899252402990388,0.7187086092715231,0.7219413549039434,0.7789435600578871,0.8001788908765652,0.7947394296951819,,,,,,,,,,,,,,,,,,,,,,,,,,,,,,,,,,,,,,,,,,,,,,,,,,,,,,,,,,,,,,,,,,,,,0.7358735081058703
transformer_e32_2_d3_10_l32_m_/r_/transformer_e32_2_d3_10_l32__max_balanced_0_1_1_new,0.6509319286871961,0.680313278746885,0.7273178807947019,0.7204246713852376,0.7726121562952243,0.8007155635062612,0.7912979351032449,,,,,,,,,,,,,,,,,,,,,,,,,,,,,,,,,,,,,,,,,,,,,,,,,,,,,,,,,,,,,,,,,,,,,0.7348019163598216
transformer_e32_2_d3_10_l16_m_/r_/transformer_e32_2_d3_10_l16__max_balanced_0_1_1_new,0.6499189627228525,0.6915272338910644,0.7220198675496688,0.7204246713852376,0.7784008683068018,0.7948121645796065,0.7841691248770895,,,,,,,,,,,,,,,,,,,,,,,,,,,,,,,,,,,,,,,,,,,,,,,,,,,,,,,,,,,,,,,,,,,,,0.7344675561874744
transformer_e256_2_d3_10_l128_m_/r_/transformer_e256_2_d3_10_l128__max_balanced_0_1_1_new,0.6513371150729336,0.676931292274831,0.7198675496688741,0.7264914054600606,0.7727930535455861,0.8026833631484794,0.7804818092428711,,,,,,,,,,,,,,,,,,,,,,,,,,,,,,,,,,,,,,,,,,,,,,,,,,,,,,,,,,,,,,,,,,,,,0.7329407983448052
transformer_e128_2_nd_l128_m_/r_/transformer_e128_2_nd_l128__max_balanced_0_1_1_new,0.6588330632090762,0.6820932716269135,0.7193708609271523,0.7234580384226491,0.7765918958031838,0.8005366726296959,0.7876106194690266,,,,,,,,,,,,,,,,,,,,,,,,,,,,,,,,,,,,,,,,,,,,,,,,,,,,,,,,,,,,,,,,,,,,,0.7354992031553852
transformer_e128_2_d3_10_l64_m_/r_/transformer_e128_2_d3_10_l64__max_balanced_0_1_1_new,0.6361426256077796,0.6746173015307939,0.720364238410596,0.7339063026626221,0.7765918958031838,0.7983899821109124,0.7866273352999017,,,,,,,,,,,,,,,,,,,,,,,,,,,,,,,,,,,,,,,,,,,,,,,,,,,,,,,,,,,,,,,,,,,,,0.7323770973465414
transformer_e128_2_d3_10_l32_m_/r_/transformer_e128_2_d3_10_l32__max_balanced_0_1_1_new,0.5,0.5,0.5084437086092716,0.7278395685877991,0.7729739507959479,0.7855098389982111,0.7802359882005899,,,,,,,,,,,,,,,,,,,,,,,,,,,,,,,,,,,,,,,,,,,,,,,,,,,,,,,,,,,,,,,,,,,,,0.6535718650274027
transformer_e128_2_d3_10_l16_m_/r_/transformer_e128_2_d3_10_l16__max_balanced_0_1_1_new,0.5,0.5,0.5,0.7251432423323222,0.7736975397973951,0.7844364937388193,0.775811209439528,,,,,,,,,,,,,,,,,,,,,,,,,,,,,,,,,,,,,,,,,,,,,,,,,,,,,,,,,,,,,,,,,,,,,0.6512983550440092
transformer_2_d3_20_m_/r_/transformer_2_d3_20__max_balanced_0_1_1_new,0.6485008103727715,0.6783552865788537,0.7162251655629139,0.7301988540613414,0.7771345875542692,0.7940966010733452,0.7691740412979351,,,,,,,,,,,,,,,,,,,,,,,,,,,,,,,,,,,,,,,,,,,,,,,,,,,,,,,,,,,,,,,,,,,,,0.730526478071633
transformer_2_2_m_/r_/transformer_2_2__max_balanced_0_1_1_new,0.6541734197730956,0.6804912780348878,0.7183774834437087,0.7290192113245703,0.7762301013024602,0.8016100178890877,0.7863815142576205,,,,,,,,,,,,,,,,,,,,,,,,,,,,,,,,,,,,,,,,,,,,,,,,,,,,,,,,,,,,,,,,,,,,,0.7351832894322045
svm_npr_m_/r_/svm_npr__max_balanced_0_new,0.6722042139384117,0.7046991812032752,0.7539735099337749,0.766767778901247,0.807163531114327,0.8255813953488372,0.8136676499508357,,,,,,,,,,,,,,,,,,,,,,,,,,,,,,,,,,,,,,,,,,,,,,,,,,,,,,,,,,,,,,,,,,,,,0.7634367514843869
svm_npr_m_/r_/svm_npr__bayram_new,0.619,0.655,0.727,0.657,0.752,0.79,0.774,,,,,,,,,,,,,,,,,,,,,,,,,,,,,,,,,,,,,,,,,,,,,,,,,,,,,,,,,,,,,,,,,,,,,0.7105714285714286
svm_npr_m_/r_/svm_npr__bayram_3_7_new,0.635,0.647,0.733,0.671,0.762,0.808,0.78,,,,,,,,,,,,,,,,,,,,,,,,,,,,,,,,,,,,,,,,,,,,,,,,,,,,,,,,,,,,,,,,,,,,,0.7194285714285715
svm_npr_m_/r_/svm_npr__bayram_1_1_new,0.638,0.652,0.734,0.674,0.766,0.804,0.78,,,,,,,,,,,,,,,,,,,,,,,,,,,,,,,,,,,,,,,,,,,,,,,,,,,,,,,,,,,,,,,,,,,,,0.7211428571428572
svm_m_/r_/svm_r__,0.566,0.641,0.727,0.657,0.753,0.789,0.747,,,,,,,,,,,,,,,,,,,,,,,,,,,,,,,,,,,,,,,,,,,,,,,,,,,,,,,,,,,,,,,,,,,,,0.6971428571428572
svm_m_/r_/svm_fullgrid_r__,0.615,0.653,0.726,0.66,0.754,0.791,0.773,,,,,,,,,,,,,,,,,,,,,,,,,,,,,,,,,,,,,,,,,,,,,,,,,,,,,,,,,,,,,,,,,,,,,0.7102857142857142
svm_m_/r_/svm_cv_c_r__,0.617,0.653,0.726,0.658,0.76,0.785,0.772,,,,,,,,,,,,,,,,,,,,,,,,,,,,,,,,,,,,,,,,,,,,,,,,,,,,,,,,,,,,,,,,,,,,,0.7101428571428572
svm_m_/r_/svm2_r__,0.601,0.574,0.72,0.65,0.754,0.776,0.774,,,,,,,,,,,,,,,,,,,,,,,,,,,,,,,,,,,,,,,,,,,,,,,,,,,,,,,,,,,,,,,,,,,,,0.6927142857142857
svm_cv_c_tfidf_m_/r_/svm_cv_c_tfidf__bayram_new,0.5,0.5,0.5,0.5,0.5,0.5,0.5,,,,,,,,,,,,,,,,,,,,,,,,,,,,,,,,,,,,,,,,,,,,,,,,,,,,,,,,,,,,,,,,,,,,,0.5
svm_cv_c_m_/r_/svm_cv_c_r___max_balanced_0,0.6738249594813615,,,,,,,,,,,,,,,,,,,,,,,,,,,,,,,,,,,,,,,,,,,,,,,,,,,,,,,,,,,,,,,,,,,,,,,,,,,0.6738249594813615
svm_cv_c_m_/r_/svm_cv_c__max_balanced_0_new,0.5,0.5,0.5,,,,,,,,,,,,,,,,,,,,,,,,,,,,,,,,,,,,,,,,,,,,,,,,,,,,,,,,,,,,,,,,,,,,,,,,,0.5
svm_cv_c_m_/r_/svm_cv_c__bayram_new,0.5,0.5,0.5,0.5,0.5,0.5,0.5,,,,,,,,,,,,,,,,,,,,,,,,,,,,,,,,,,,,,,,,,,,,,,,,,,,,,,,,,,,,,,,,,,,,,0.5
svm_bayram_baseline,0.623,0.639,0.711,0.685,0.754,0.783,0.779,,,,,,,,,,,,,,,,,,,,,,,,,,,,,,,,,,,,,,,,,,,,,,,,,,,,,,,,,,,,,,,,,,,,,0.7105714285714286
sk_logistic_m_/r_/sk_logisticcv_r__,0.606,0.632,0.706,0.651,0.713,0.77,0.744,,,,,,,,,,,,,,,,,,,,,,,,,,,,,,,,,,,,,,,,,,,,,,,,,,,,,,,,,,,,,,,,,,,,,0.6888571428571427
sk_logistic_m_/r_/sk_logisticcv2_r__,0.589,0.62,0.706,0.656,0.754,0.777,0.738,,,,,,,,,,,,,,,,,,,,,,,,,,,,,,,,,,,,,,,,,,,,,,,,,,,,,,,,,,,,,,,,,,,,,0.6914285714285714
sk_logistic_m_/r_/sk_logistic_r__,0.6,0.627,0.703,0.659,0.743,0.776,0.733,,,,,,,,,,,,,,,,,,,,,,,,,,,,,,,,,,,,,,,,,,,,,,,,,,,,,,,,,,,,,,,,,,,,,0.6915714285714285
rf_m_/r_/rf_r__,0.553,0.592,0.635,0.644,0.716,0.742,0.696,,,,,,,,,,,,,,,,,,,,,,,,,,,,,,,,,,,,,,,,,,,,,,,,,,,,,,,,,,,,,,,,,,,,,0.6539999999999999
rf_cv_per4e_tfidf_m_/r_/rf_cv_per4e_tfidf__bayram_new,0.584,0.614,0.664,0.674,0.714,0.735,0.735,,,,,,,,,,,,,,,,,,,,,,,,,,,,,,,,,,,,,,,,,,,,,,,,,,,,,,,,,,,,,,,,,,,,,0.6742857142857143
rf_cv_per4e_m_/r_/rf_cv_per4e__bayram_new,0.6,0.605,0.667,0.657,0.724,0.742,0.715,,,,,,,,,,,,,,,,,,,,,,,,,,,,,,,,,,,,,,,,,,,,,,,,,,,,,,,,,,,,,,,,,,,,,0.6728571428571428
rf_cv_per4e_m_/r_/rf_cv_per4e__bayram_3_7_new,0.591,0.598,0.665,0.663,0.701,0.756,0.722,,,,,,,,,,,,,,,,,,,,,,,,,,,,,,,,,,,,,,,,,,,,,,,,,,,,,,,,,,,,,,,,,,,,,0.6708571428571428
rf_cv_per4e_m_/r_/rf_cv_per4e__bayram_1_1_new,0.595,0.623,0.672,0.662,0.715,0.739,0.728,,,,,,,,,,,,,,,,,,,,,,,,,,,,,,,,,,,,,,,,,,,,,,,,,,,,,,,,,,,,,,,,,,,,,0.6762857142857143
rf_cv_per4e_m_/r_/rf_cv_per4e__3gram_max_balanced_0_new,0.643030794165316,0.658063367746529,0.6920529801324503,0.7061004381530165,0.7550651230101303,0.7645796064400715,0.7529498525073747,,,,,,,,,,,,,,,,,,,,,,,,,,,,,,,,,,,,,,,,,,,,,,,,,,,,,,,,,,,,,,,,,,,,,0.710263166022127
rf_cv_per4e_m_/r_/rf_cv_per4e__2gram_max_balanced_0_new,0.643030794165316,0.6530793876824492,0.6905629139072847,0.6996966632962589,0.7519898697539797,0.7636851520572451,0.7527040314650935,,,,,,,,,,,,,,,,,,,,,,,,,,,,,,,,,,,,,,,,,,,,,,,,,,,,,,,,,,,,,,,,,,,,,0.7078212589039466
rf_cv_m_/r_/rf_cv_r__,0.588,0.616,0.666,0.663,0.717,0.745,0.717,,,,,,,,,,,,,,,,,,,,,,,,,,,,,,,,,,,,,,,,,,,,,,,,,,,,,,,,,,,,,,,,,,,,,0.6731428571428573
rf_cv_m_/r_/rf_cv_per_r__,0.562,0.584,0.662,0.655,0.724,0.759,0.732,,,,,,,,,,,,,,,,,,,,,,,,,,,,,,,,,,,,,,,,,,,,,,,,,,,,,,,,,,,,,,,,,,,,,0.6682857142857143
rf_cv_m_/r_/rf_cv_per4g_r__,0.59,0.608,0.673,0.682,0.738,0.78,0.729,,,,,,,,,,,,,,,,,,,,,,,,,,,,,,,,,,,,,,,,,,,,,,,,,,,,,,,,,,,,,,,,,,,,,0.6857142857142857
rf_cv_m_/r_/rf_cv_per4e_r__,0.589,0.61,0.658,0.666,0.728,0.786,0.736,,,,,,,,,,,,,,,,,,,,,,,,,,,,,,,,,,,,,,,,,,,,,,,,,,,,,,,,,,,,,,,,,,,,,0.6818571428571427
rf_cv_m_/r_/rf_cv_per3_r__,0.577,0.61,,0.67,0.719,0.773,0.727,,,,,,,,,,,,,,,,,,,,,,,,,,,,,,,,,,,,,,,,,,,,,,,,,,,,,,,,,,,,,,,,,,,,,0.6793333333333332
rf_cv_m_/r_/rf_cv_per2_r__,,0.597,0.677,0.645,0.742,0.765,0.735,,,,,,,,,,,,,,,,,,,,,,,,,,,,,,,,,,,,,,,,,,,,,,,,,,,,,,,,,,,,,,,,,,,,,0.6935000000000001
rf_bayram_baseline,0.605,0.62,0.672,0.662,0.739,0.759,0.735,,,,,,,,,,,,,,,,,,,,,,,,,,,,,,,,,,,,,,,,,,,,,,,,,,,,,,,,,,,,,,,,,,,,,0.6845714285714287
nnmulti_relu_m_/r_/nnmulti_relu__bayram_1_1_new,0.592,0.633,0.7,0.662,0.742,0.787,0.774,,,,,,,,,,,,,,,,,,,,,,,,,,,,,,,,,,,,,,,,,,,,,,,,,,,,,,,,,,,,,,,,,,,,,0.6985714285714286
nnmulti_m_/r_/nnmulti__max_balanced_0_new,0.6564019448946515,0.6747953008187967,0.7216887417218543,0.7305358948432761,0.7700795947901592,0.7910554561717352,0.7814650934119961,,,,,,,,,,,,,,,,,,,,,,,,,,,,,,,,,,,,,,,,,,,,,,,,,,,,,,,,,,,,,,,,,,,,,0.7322888609503527
nnmulti_m_/r_/nnmulti__bayram_new,0.582,0.628,0.683,0.656,0.751,0.771,0.755,,,,,,,,,,,,,,,,,,,,,,,,,,,,,,,,,,,,,,,,,,,,,,,,,,,,,,,,,,,,,,,,,,,,,0.6894285714285714
nnmulti_05_m_/r_/nnmulti_05__max_balanced_0_new,0.6507293354943274,0.6698113207547169,0.7172185430463576,0.7317155375800471,0.7704413892908828,0.7881932021466905,0.7822025565388397,,,,,,,,,,,,,,,,,,,,,,,,,,,,,,,,,,,,,,,,,,,,,,,,,,,,,,,,,,,,,,,,,,,,,0.7300445549788374
nnmulti2_tanh_m_/r_/nnmulti2_tanh__bayram_1_1_new,0.619,0.63,0.718,0.694,0.755,0.802,0.779,,,,,,,,,,,,,,,,,,,,,,,,,,,,,,,,,,,,,,,,,,,,,,,,,,,,,,,,,,,,,,,,,,,,,0.7138571428571429
nnmulti2_tanh_m_/r_/nnmulti2_tanh__3gram_max_balanced_0_new,0.6709886547811994,0.688501245995016,0.7399006622516556,0.754128749578699,0.7883502170767004,0.813953488372093,0.7912979351032449,,,,,,,,,,,,,,,,,,,,,,,,,,,,,,,,,,,,,,,,,,,,,,,,,,,,,,,,,,,,,,,,,,,,,0.7495887075940869
nnmulti2_relu_m_/r_/nnmulti2_relu__bayram_1_1_new,0.611,0.638,0.711,0.688,0.767,0.798,0.791,,,,,,,,,,,,,,,,,,,,,,,,,,,,,,,,,,,,,,,,,,,,,,,,,,,,,,,,,,,,,,,,,,,,,0.7148571428571427
nn20nd_tfidf_m_/r_/nn20nd_tfidf__bayram_new,0.601,0.636,0.699,0.678,0.752,0.776,0.781,,,,,,,,,,,,,,,,,,,,,,,,,,,,,,,,,,,,,,,,,,,,,,,,,,,,,,,,,,,,,,,,,,,,,0.7032857142857142
nn20nd_reg_m_/r_/nn20nd_reg__bayram_1_1_new,0.606,0.644,0.707,0.671,0.759,0.775,0.77,,,,,,,,,,,,,,,,,,,,,,,,,,,,,,,,,,,,,,,,,,,,,,,,,,,,,,,,,,,,,,,,,,,,,0.7045714285714286
nn20nd_m_/r_/nn20nd_r___max_balanced_0,0.6432333873581848,0.6810252758988964,0.7205298013245033,0.7285136501516684,0.7791244573082489,0.7926654740608229,0.7905604719764012,,,,,,,,,,,,,,,,,,,,,,,,,,,,,,,,,,,,,,,,,,,,,,,,,,,,,,,,,,,,,,,,,,,,,0.733664645439818
nn20nd_m_/r_/nn20nd_r__,0.603,0.643,0.71,0.665,0.766,0.78,0.769,,,,,,,,,,,,,,,,,,,,,,,,,,,,,,,,,,,,,,,,,,,,,,,,,,,,,,,,,,,,,,,,,,,,,0.7051428571428572
nn20nd_m_/r_/nn20nd__max_balanced_0_new,0.6432333873581848,0.6810252758988964,0.7205298013245033,0.7285136501516684,0.7791244573082489,0.7926654740608229,0.7905604719764012,,,,,,,,,,,,,,,,,,,,,,,,,,,,,,,,,,,,,,,,,,,,,,,,,,,,,,,,,,,,,,,,,,,,,0.733664645439818
nn20nd_m_/r_/nn20nd__bayram_new,0.608,0.635,0.709,0.658,0.763,0.783,0.766,,,,,,,,,,,,,,,,,,,,,,,,,,,,,,,,,,,,,,,,,,,,,,,,,,,,,,,,,,,,,,,,,,,,,0.7031428571428571
nn20nd_m_/r_/nn20nd__bayram_3_7_new,0.62,0.643,0.724,0.689,0.776,0.805,0.797,,,,,,,,,,,,,,,,,,,,,,,,,,,,,,,,,,,,,,,,,,,,,,,,,,,,,,,,,,,,,,,,,,,,,0.7219999999999999
nn20nd_m_/r_/nn20nd__bayram_1_1_new,0.633,0.655,0.733,0.695,0.774,0.801,0.796,,,,,,,,,,,,,,,,,,,,,,,,,,,,,,,,,,,,,,,,,,,,,,,,,,,,,,,,,,,,,,,,,,,,,0.7267142857142856
nn20nd_m_/r_/nn20nd__3gram_max_balanced_0_new,0.6705834683954619,0.6977572089711641,0.7397350993377484,0.7620492079541624,0.7954052098408104,0.8173524150268336,0.81047197640118,,,,,,,,,,,,,,,,,,,,,,,,,,,,,,,,,,,,,,,,,,,,,,,,,,,,,,,,,,,,,,,,,,,,,0.7561935122753374
nn20nd_m_/r_/nn20nd__2gram_max_balanced_0_new,0.6527552674230146,0.6991812032751868,0.7392384105960265,0.7581732389619144,0.7937771345875543,0.8153846153846154,0.8045722713864307,,,,,,,,,,,,,,,,,,,,,,,,,,,,,,,,,,,,,,,,,,,,,,,,,,,,,,,,,,,,,,,,,,,,,0.7518688773735347
nn20nd_bayram_baseline,0.573,0.597,0.671,0.638,0.704,0.739,0.738,,,,,,,,,,,,,,,,,,,,,,,,,,,,,,,,,,,,,,,,,,,,,,,,,,,,,,,,,,,,,,,,,,,,,0.6657142857142857
nn20hd_m_/r_/nn20hd_r___max_balanced_0,0.6485008103727715,0.6797792808828764,0.7192052980132451,0.71840242669363,0.7793053545586107,0.7923076923076923,0.7908062930186824,,,,,,,,,,,,,,,,,,,,,,,,,,,,,,,,,,,,,,,,,,,,,,,,,,,,,,,,,,,,,,,,,,,,,0.7326153079782154
nn20d_tfidf_m_/r_/nn20d_tfidf__bayram_new,0.597,0.628,0.697,0.68,0.747,0.791,0.777,,,,,,,,,,,,,,,,,,,,,,,,,,,,,,,,,,,,,,,,,,,,,,,,,,,,,,,,,,,,,,,,,,,,,0.7024285714285715
nn20d_reg_m_/r_/nn20d_reg__bayram_1_1_new,0.534,0.549,0.642,0.619,0.695,0.697,0.674,,,,,,,,,,,,,,,,,,,,,,,,,,,,,,,,,,,,,,,,,,,,,,,,,,,,,,,,,,,,,,,,,,,,,0.63
nn20d_m_/r_/nn20d_r__,0.617,0.659,0.715,0.669,0.759,0.799,0.762,,,,,,,,,,,,,,,,,,,,,,,,,,,,,,,,,,,,,,,,,,,,,,,,,,,,,,,,,,,,,,,,,,,,,0.7114285714285715
nn20d_m_/r_/nn20d__max_balanced_0_new,0.6485008103727715,0.6797792808828764,0.7192052980132451,0.71840242669363,0.7793053545586107,0.7923076923076923,0.7908062930186824,,,,,,,,,,,,,,,,,,,,,,,,,,,,,,,,,,,,,,,,,,,,,,,,,,,,,,,,,,,,,,,,,,,,,0.7326153079782154
nn20d_m_/r_/nn20d__bayram_new,0.617,0.66,0.714,0.665,0.749,0.782,0.764,,,,,,,,,,,,,,,,,,,,,,,,,,,,,,,,,,,,,,,,,,,,,,,,,,,,,,,,,,,,,,,,,,,,,0.7072857142857144
nn20d_m_/r_/nn20d__bayram_3_7_new,0.621,0.644,0.716,0.684,0.757,0.794,0.79,,,,,,,,,,,,,,,,,,,,,,,,,,,,,,,,,,,,,,,,,,,,,,,,,,,,,,,,,,,,,,,,,,,,,0.7151428571428572
nn20d_m_/r_/nn20d__bayram_1_1_new,0.629,0.642,0.741,0.691,0.769,0.796,0.795,,,,,,,,,,,,,,,,,,,,,,,,,,,,,,,,,,,,,,,,,,,,,,,,,,,,,,,,,,,,,,,,,,,,,0.7232857142857142
nn20d_m_/r_/nn20d__3gram_max_balanced_0_new,0.6732171799027553,0.7006051975792097,0.746523178807947,0.7696326255476913,0.8011939218523878,0.8228980322003577,0.8163716814159292,,,,,,,,,,,,,,,,,,,,,,,,,,,,,,,,,,,,,,,,,,,,,,,,,,,,,,,,,,,,,,,,,,,,,0.7614916881866111
nn20d_m_/r_/nn20d__2gram_max_balanced_0_new,0.6661264181523501,0.703631185475258,0.75,0.7655881361644759,0.8008321273516642,0.8196779964221824,0.8200589970501475,,,,,,,,,,,,,,,,,,,,,,,,,,,,,,,,,,,,,,,,,,,,,,,,,,,,,,,,,,,,,,,,,,,,,0.7608449800880112
nn20d_bayram_baseline,0.619,0.647,0.7,0.678,0.747,0.78,0.774,,,,,,,,,,,,,,,,,,,,,,,,,,,,,,,,,,,,,,,,,,,,,,,,,,,,,,,,,,,,,,,,,,,,,0.7064285714285715
nn1000nd_tfidf_m_/r_/nn1000nd_tfidf__bayram_new,0.582,0.615,0.7,0.665,0.753,0.804,0.765,,,,,,,,,,,,,,,,,,,,,,,,,,,,,,,,,,,,,,,,,,,,,,,,,,,,,,,,,,,,,,,,,,,,,0.6977142857142857
nn1000nd_reg_m_/r_/nn1000nd_reg__bayram_1_1_new,0.591,0.621,0.703,0.665,0.723,0.777,0.738,,,,,,,,,,,,,,,,,,,,,,,,,,,,,,,,,,,,,,,,,,,,,,,,,,,,,,,,,,,,,,,,,,,,,0.6882857142857143
nn1000nd_m_/r_/nn1000nd_r___max_balanced_0,0.6543760129659644,0.6781772872908508,0.7137417218543046,0.7301988540613414,0.7744211287988423,0.7912343470483005,0.7794985250737463,,,,,,,,,,,,,,,,,,,,,,,,,,,,,,,,,,,,,,,,,,,,,,,,,,,,,,,,,,,,,,,,,,,,,0.7316639824419072
nn1000nd_m_/r_/nn1000nd_r__,0.61,0.65,0.712,0.667,0.745,0.781,0.76,,,,,,,,,,,,,,,,,,,,,,,,,,,,,,,,,,,,,,,,,,,,,,,,,,,,,,,,,,,,,,,,,,,,,0.7035714285714285
nn1000nd_m_/r_/nn1000nd__max_balanced_0_new,0.6541734197730956,0.6790672837308651,0.7142384105960264,0.7295247724974722,0.7736975397973951,0.7908765652951699,0.7797443461160275,,,,,,,,,,,,,,,,,,,,,,,,,,,,,,,,,,,,,,,,,,,,,,,,,,,,,,,,,,,,,,,,,,,,,0.731617476829436
nn1000nd_m_/r_/nn1000nd__bayram_new,0.597,0.642,0.711,0.673,0.747,0.777,0.761,,,,,,,,,,,,,,,,,,,,,,,,,,,,,,,,,,,,,,,,,,,,,,,,,,,,,,,,,,,,,,,,,,,,,0.7011428571428571
nn1000nd_m_/r_/nn1000nd__bayram_3_7_new,0.623,0.635,0.703,0.68,0.758,0.802,0.797,,,,,,,,,,,,,,,,,,,,,,,,,,,,,,,,,,,,,,,,,,,,,,,,,,,,,,,,,,,,,,,,,,,,,0.7140000000000001
nn1000nd_m_/r_/nn1000nd__bayram_1_1_new,0.603,0.647,0.718,0.686,0.762,0.792,0.793,,,,,,,,,,,,,,,,,,,,,,,,,,,,,,,,,,,,,,,,,,,,,,,,,,,,,,,,,,,,,,,,,,,,,0.7144285714285715
nn1000nd_m_/r_/nn1000nd__3gram_max_balanced_0_new,0.6701782820097245,0.6924172303310787,0.7450331125827815,0.7627232895180317,0.8006512301013025,0.8148479427549195,0.8080137659783677,,,,,,,,,,,,,,,,,,,,,,,,,,,,,,,,,,,,,,,,,,,,,,,,,,,,,,,,,,,,,,,,,,,,,0.7562664076108866
nn1000nd_m_/r_/nn1000nd__2gram_max_balanced_0_new,0.6667341977309562,0.6959772160911356,0.7422185430463576,0.7627232895180317,0.7926917510853835,0.8116279069767441,0.8055555555555556,,,,,,,,,,,,,,,,,,,,,,,,,,,,,,,,,,,,,,,,,,,,,,,,,,,,,,,,,,,,,,,,,,,,,0.7539326371434519
nn1000nd_bayram_baseline,0.566,0.585,0.669,0.635,0.689,0.731,0.724,,,,,,,,,,,,,,,,,,,,,,,,,,,,,,,,,,,,,,,,,,,,,,,,,,,,,,,,,,,,,,,,,,,,,0.657
nn1000hd_tfidf_m_/r_/nn1000hd_tfidf__bayram_new,0.597,0.637,0.699,0.664,0.76,0.8,0.775,,,,,,,,,,,,,,,,,,,,,,,,,,,,,,,,,,,,,,,,,,,,,,,,,,,,,,,,,,,,,,,,,,,,,0.7045714285714286
nn1000hd_reg_m_/r_/nn1000hd_reg__bayram_1_1_new,0.576,0.564,0.62,0.648,0.697,0.722,0.663,,,,,,,,,,,,,,,,,,,,,,,,,,,,,,,,,,,,,,,,,,,,,,,,,,,,,,,,,,,,,,,,,,,,,0.6414285714285715
nn1000hd_m_/r_/nn1000hd_r___max_balanced_0,0.6448541329011345,0.6794232823068708,0.7271523178807947,0.7347489046174587,0.7765918958031838,0.7976744186046512,0.795968534906588,,,,,,,,,,,,,,,,,,,,,,,,,,,,,,,,,,,,,,,,,,,,,,,,,,,,,,,,,,,,,,,,,,,,,0.7366304981458116
nn1000hd_m_/r_/nn1000hd__max_balanced_0_new,0.6458670988654781,0.6788892844428622,0.7274834437086093,0.7318840579710145,0.7836468885672938,0.7926654740608229,0.7949852507374632,,,,,,,,,,,,,,,,,,,,,,,,,,,,,,,,,,,,,,,,,,,,,,,,,,,,,,,,,,,,,,,,,,,,,0.7364887854790778
nn1000hd_m_/r_/nn1000hd__bayram_new,0.594,0.655,0.712,0.669,0.76,0.794,0.769,,,,,,,,,,,,,,,,,,,,,,,,,,,,,,,,,,,,,,,,,,,,,,,,,,,,,,,,,,,,,,,,,,,,,0.7075714285714285
nn1000hd_m_/r_/nn1000hd__bayram_3_7_new,0.628,0.653,0.726,0.695,0.769,0.801,0.792,,,,,,,,,,,,,,,,,,,,,,,,,,,,,,,,,,,,,,,,,,,,,,,,,,,,,,,,,,,,,,,,,,,,,0.7234285714285714
nn1000hd_m_/r_/nn1000hd__bayram_1_1_new,0.626,0.647,0.722,0.685,0.774,0.807,0.802,,,,,,,,,,,,,,,,,,,,,,,,,,,,,,,,,,,,,,,,,,,,,,,,,,,,,,,,,,,,,,,,,,,,,0.7232857142857144
nn1000hd_m_/r_/nn1000hd__3gram_max_balanced_0_new,0.6667341977309562,0.7034531861872553,0.7486754966887417,0.7723289518031682,0.8024602026049205,0.8164579606440071,0.8109636184857424,,,,,,,,,,,,,,,,,,,,,,,,,,,,,,,,,,,,,,,,,,,,,,,,,,,,,,,,,,,,,,,,,,,,,0.7601533734492559
nn1000hd_m_/r_/nn1000hd__3gram_max_balanced_0_10_50_new,,,,0.5,,,,,,,,,,,,,,,,,,,,,,,,,,,,,,,,,,,,,,,,,,,,,,,,,,,,,,,,,,,,,,,,,,,,,,,,0.5
nn1000hd_m_/r_/nn1000hd__2gram_max_balanced_0_new,0.6677471636952999,0.7080811676753292,0.7410596026490066,0.7655881361644759,0.7959479015918958,0.8212880143112701,0.8153883972468043,,,,,,,,,,,,,,,,,,,,,,,,,,,,,,,,,,,,,,,,,,,,,,,,,,,,,,,,,,,,,,,,,,,,,0.7593000547620117
nn1000d_m_/r_/nn1000d_r__,0.603,0.654,0.72,0.657,0.757,0.8,0.767,,,,,,,,,,,,,,,,,,,,,,,,,,,,,,,,,,,,,,,,,,,,,,,,,,,,,,,,,,,,,,,,,,,,,0.7082857142857144
nn1000d_bayram_baseline,0.611,0.635,0.698,0.674,0.744,0.777,0.768,,,,,,,,,,,,,,,,,,,,,,,,,,,,,,,,,,,,,,,,,,,,,,,,,,,,,,,,,,,,,,,,,,,,,0.701
mnnb_tfidf_m_/r_/mnnb_tfidf__bayram_new,0.577,0.591,0.676,0.667,0.717,0.767,0.727,,,,,,,,,,,,,,,,,,,,,,,,,,,,,,,,,,,,,,,,,,,,,,,,,,,,,,,,,,,,,,,,,,,,,0.6745714285714286
mnnb_m_/r_/mnnb_r___max_balanced_0,0.6217585089141004,0.619437522249911,0.6622516556291391,0.6799797775530839,0.7346237337192475,0.7330948121645796,0.7323008849557522,,,,,,,,,,,,,,,,,,,,,,,,,,,,,,,,,,,,,,,,,,,,,,,,,,,,,,,,,,,,,,,,,,,,,0.6833495564551162
mnnb_m_/r_/mnnb_r__,0.568,0.581,0.648,0.653,0.678,0.708,0.713,,,,,,,,,,,,,,,,,,,,,,,,,,,,,,,,,,,,,,,,,,,,,,,,,,,,,,,,,,,,,,,,,,,,,0.6498571428571429
mnnb_m_/r_/mnnb_a0_r__,0.568,0.58,0.647,0.654,0.68,0.71,0.713,,,,,,,,,,,,,,,,,,,,,,,,,,,,,,,,,,,,,,,,,,,,,,,,,,,,,,,,,,,,,,,,,,,,,0.6502857142857142
mnnb_m_/r_/mnnb__bayram_new,0.568,0.58,0.647,0.654,0.68,0.71,0.713,,,,,,,,,,,,,,,,,,,,,,,,,,,,,,,,,,,,,,,,,,,,,,,,,,,,,,,,,,,,,,,,,,,,,0.6502857142857142
mnnb_m_/r_/mnnb__bayram_3_7_new,0.571,0.592,0.655,0.679,0.688,0.734,0.725,,,,,,,,,,,,,,,,,,,,,,,,,,,,,,,,,,,,,,,,,,,,,,,,,,,,,,,,,,,,,,,,,,,,,0.6634285714285714
mnnb_m_/r_/mnnb__bayram_1_1_new,0.567,0.579,0.621,0.646,0.68,0.697,0.674,,,,,,,,,,,,,,,,,,,,,,,,,,,,,,,,,,,,,,,,,,,,,,,,,,,,,,,,,,,,,,,,,,,,,0.6377142857142858
mnnb_m_/r_/mnnb__3gram_max_balanced_0_new,0.6335089141004863,0.6290494838020648,0.669205298013245,0.7099764071452646,0.7541606367583212,0.7504472271914132,0.7595870206489675,,,,,,,,,,,,,,,,,,,,,,,,,,,,,,,,,,,,,,,,,,,,,,,,,,,,,,,,,,,,,,,,,,,,,0.7008478553799662
mnnb_m_/r_/mnnb__2gram_max_balanced_0_new,0.6268233387358185,0.631185475258099,0.6673841059602649,0.7037411526794742,0.7451157742402316,0.7441860465116279,0.7514749262536873,,,,,,,,,,,,,,,,,,,,,,,,,,,,,,,,,,,,,,,,,,,,,,,,,,,,,,,,,,,,,,,,,,,,,0.6957015456627433
lstm_word2vec_m_/r_/lstm_word2vec__bayram_1_1_new,0.503,0.539,0.591,0.556,0.639,,,,,,,,,,,,,,,,,,,,,,,,,,,,,,,,,,,,,,,,,,,,,,,,,,,,,,,,,,,,,,,,,,,,,,,0.5656000000000001
lstm_m_/r_/lstm__max_balanced_0_new,0.5964343598055105,0.6285154859380563,0.6852649006622517,0.6988540613414224,0.7456584659913169,0.7724508050089446,0.73992133726647,,,,,,,,,,,,,,,,,,,,,,,,,,,,,,,,,,,,,,,,,,,,,,,,,,,,,,,,,,,,,,,,,,,,,0.6952999165734246
lstm_m_/r_/lstm__bayram_new,0.504,0.535,0.607,0.581,0.628,0.702,0.692,,,,,,,,,,,,,,,,,,,,,,,,,,,,,,,,,,,,,,,,,,,,,,,,,,,,,,,,,,,,,,,,,,,,,0.6070000000000001
lstm_m_/r_/lstm__bayram,0.504,0.535,,,,,,,,,,,,,,,,,,,,,,,,,,,,,,,,,,,,,,,,,,,,,,,,,,,,,,,,,,,,,,,,,,,,,,,,,,0.5195000000000001
lstm_glove_m_/r_/lstm_glove__bayram_new,0.542,0.527,0.559,0.528,0.542,0.55,0.605,,,,,,,,,,,,,,,,,,,,,,,,,,,,,,,,,,,,,,,,,,,,,,,,,,,,,,,,,,,,,,,,,,,,,0.5504285714285715
lstm_glove_m_/r_/lstm_glove__bayram_1_1_new,0.537,0.548,0.576,0.54,0.654,0.641,0.641,,,,,,,,,,,,,,,,,,,,,,,,,,,,,,,,,,,,,,,,,,,,,,,,,,,,,,,,,,,,,,,,,,,,,0.5910000000000001
lstm_glove_50_m_/r_/lstm_glove_50__bayram_1_1_new,0.537,0.548,0.576,0.54,0.654,0.649,0.641,,,,,,,,,,,,,,,,,,,,,,,,,,,,,,,,,,,,,,,,,,,,,,,,,,,,,,,,,,,,,,,,,,,,,0.5921428571428571
lstm_glove_300_m_/r_/lstm_glove_300__bayram_1_1_new,0.546,0.524,0.596,0.544,0.645,0.664,0.686,,,,,,,,,,,,,,,,,,,,,,,,,,,,,,,,,,,,,,,,,,,,,,,,,,,,,,,,,,,,,,,,,,,,,0.6007142857142858
lstm_glove_200_m_/r_/lstm_glove_200__bayram_1_1_new,0.551,0.501,0.564,0.585,0.652,0.636,0.674,,,,,,,,,,,,,,,,,,,,,,,,,,,,,,,,,,,,,,,,,,,,,,,,,,,,,,,,,,,,,,,,,,,,,0.5947142857142858
lstm_glove_100_m_/r_/lstm_glove_100__bayram_1_1_new,0.554,0.544,0.588,0.521,0.657,0.646,0.679,,,,,,,,,,,,,,,,,,,,,,,,,,,,,,,,,,,,,,,,,,,,,,,,,,,,,,,,,,,,,,,,,,,,,0.5984285714285714
lstm_drop_m_/r_/lstm_drop__bayram_1_1_new,0.512,0.593,0.636,0.562,0.705,0.693,0.715,,,,,,,,,,,,,,,,,,,,,,,,,,,,,,,,,,,,,,,,,,,,,,,,,,,,,,,,,,,,,,,,,,,,,0.6308571428571429
lstm_drop_glove_32_50_m_/r_/lstm_drop_glove_32_50__bayram_1_1_new,0.549,0.516,0.59,0.501,0.539,0.612,0.527,,,,,,,,,,,,,,,,,,,,,,,,,,,,,,,,,,,,,,,,,,,,,,,,,,,,,,,,,,,,,,,,,,,,,0.5477142857142857
lstm_drop_glove_32_100_m_/r_/lstm_drop_glove_32_100__bayram_1_1_new,0.527,0.501,0.601,0.608,0.678,0.77,0.539,,,,,,,,,,,,,,,,,,,,,,,,,,,,,,,,,,,,,,,,,,,,,,,,,,,,,,,,,,,,,,,,,,,,,0.6034285714285714
lstm_drop_128_l350_m_/r_/lstm_drop_128_l350__bayram_1_1_new,0.518,0.552,0.589,0.555,0.661,0.686,0.725,,,,,,,,,,,,,,,,,,,,,,,,,,,,,,,,,,,,,,,,,,,,,,,,,,,,,,,,,,,,,,,,,,,,,0.6122857142857142
lstm_drop_128_b32_m_/r_/lstm_drop_128_b32__bayram_1_1_new,0.55,0.523,0.575,0.541,0.654,0.69,0.729,,,,,,,,,,,,,,,,,,,,,,,,,,,,,,,,,,,,,,,,,,,,,,,,,,,,,,,,,,,,,,,,,,,,,0.6088571428571428
lstm2_drop_bidi_128_d_2_75_l64_e256_m_/r_/lstm2_drop_bidi_128_d_2_75_l64_e256__max_balanced_0_1_1_new,0.5980551053484603,0.6265574937700249,0.686092715231788,0.689922480620155,0.7418596237337193,0.7652951699463327,0.7460668633235005,,,,,,,,,,,,,,,,,,,,,,,,,,,,,,,,,,,,,,,,,,,,,,,,,,,,,,,,,,,,,,,,,,,,,0.6934070645677115
lstm2_drop_bidi_128_d3_50_l32_m_/r_/lstm2_drop_bidi_128_d3_50_l32__max_balanced_0_1_1_new,0.6110210696920584,0.6466714133143467,0.68841059602649,0.7143579373104145,0.7474674384949349,0.7797853309481216,0.7593411996066863,,,,,,,,,,,,,,,,,,,,,,,,,,,,,,,,,,,,,,,,,,,,,,,,,,,,,,,,,,,,,,,,,,,,,0.706722140770436
lstm2_drop_bidi_128_d2_75_l64_m_/r_/lstm2_drop_bidi_128_d2_75_l64__max_balanced_0_1_1_new,0.6118314424635333,0.6555713777144891,0.6966887417218544,0.721772834512976,0.7619392185238785,0.7831842576028623,0.7676991150442478,,,,,,,,,,,,,,,,,,,,,,,,,,,,,,,,,,,,,,,,,,,,,,,,,,,,,,,,,,,,,,,,,,,,,0.714098141083406
lstm2_drop_bidi_128_05_m_/r_/lstm2_drop_bidi_128_05__bayram_1_1_new,0.542,0.567,0.627,0.591,0.663,0.701,0.722,,,,,,,,,,,,,,,,,,,,,,,,,,,,,,,,,,,,,,,,,,,,,,,,,,,,,,,,,,,,,,,,,,,,,0.6304285714285714
lstm2_drop_bidi_128_05_l32_m_/r_/lstm2_drop_bidi_128_05_l32__bayram_1_1_new,0.551,0.585,0.65,0.592,0.7,0.734,0.723,,,,,,,,,,,,,,,,,,,,,,,,,,,,,,,,,,,,,,,,,,,,,,,,,,,,,,,,,,,,,,,,,,,,,0.6478571428571429
lstm2_drop_128_05_m_/r_/lstm2_drop_128_05__bayram_1_1_new,0.5,0.561,0.629,0.568,0.659,0.661,0.678,,,,,,,,,,,,,,,,,,,,,,,,,,,,,,,,,,,,,,,,,,,,,,,,,,,,,,,,,,,,,,,,,,,,,0.608
lstm2_drop_128_05_l32_m_/r_/lstm2_drop_128_05_l32__max_balanced_0_1_1_new,0.6073743922204214,0.6480954076183695,0.6940397350993377,0.7168857431749242,0.7514471780028944,0.7679785330948121,0.7664700098328416,,,,,,,,,,,,,,,,,,,,,,,,,,,,,,,,,,,,,,,,,,,,,,,,,,,,,,,,,,,,,,,,,,,,,0.7074701427205144
lstm2_drop_128_05_l32_m_/r_/lstm2_drop_128_05_l32__bayram_1_1_new,0.518,0.575,0.641,0.608,0.669,0.732,0.732,,,,,,,,,,,,,,,,,,,,,,,,,,,,,,,,,,,,,,,,,,,,,,,,,,,,,,,,,,,,,,,,,,,,,0.6392857142857143
lstm2_bidi_128_m_/r_/lstm2_bidi_128__bayram_1_1_new,0.524,0.531,0.565,0.59,0.6,0.614,0.663,,,,,,,,,,,,,,,,,,,,,,,,,,,,,,,,,,,,,,,,,,,,,,,,,,,,,,,,,,,,,,,,,,,,,0.5838571428571429
logistic_tfidf_m_/r_/logistic_tfidf__bayram_new,0.597,0.642,0.698,0.678,0.758,0.777,0.775,,,,,,,,,,,,,,,,,,,,,,,,,,,,,,,,,,,,,,,,,,,,,,,,,,,,,,,,,,,,,,,,,,,,,0.7035714285714285
logistic_test_m_/r_/logistic_test__max_balanced_0,0.6497163695299838,0.6872552509789961,0.7269867549668875,0.7337377822716549,0.7821997105643994,0.7967799642218247,0.7957227138643068,,,,,,,,,,,,,,,,,,,,,,,,,,,,,,,,,,,,,,,,,,,,,,,,,,,,,,,,,,,,,,,,,,,,,0.7389140780568647
logistic_sig_m_/r_/logistic_sig__bayram_new,0.609,0.655,0.708,0.665,0.753,0.781,0.762,,,,,,,,,,,,,,,,,,,,,,,,,,,,,,,,,,,,,,,,,,,,,,,,,,,,,,,,,,,,,,,,,,,,,0.7047142857142857
logistic_range_m_/r_/logistic_range__3gram_max_balanced_0_new,0.6762560777957861,0.7055891776432894,,,,,,,,,,,,,,,,,,,,,,,,,,,,,,,,,,,,,,,,,,,,,,,,,,,,,,,,,,,0.7100591715976331,0.7048811817597945,0.697565543071161,,,,,,,,,,,,,0.6988702303735328
logistic_m_/r_/logistic_r___max_balanced_0,0.6497163695299838,0.6872552509789961,0.7269867549668875,0.7337377822716549,0.7821997105643994,0.7967799642218247,0.7957227138643068,,,,,,,,,,,,,,,,,,,,,,,,,,,,,,,,,,,,,,,,,,,,,,,,,,,,,,,,,,,,,,,,,,,,,0.7389140780568647
logistic_m_/r_/logistic_r___3gram_bayram,0.617,0.639,0.737,0.7,0.774,0.805,0.779,,,,,,,,,,,,,,,,,,,,,,,,,,,,,,,,,,,,,,,,,,,,,,,,,,,,,,,,,,,,,,,,,,,,,0.7215714285714284
logistic_m_/r_/logistic_r___2gram_bayram,0.62,0.657,0.735,0.698,0.773,0.801,0.778,,,,,,,,,,,,,,,,,,,,,,,,,,,,,,,,,,,,,,,,,,,,,,,,,,,,,,,,,,,,,,,,,,,,,0.7231428571428571
logistic_m_/r_/logistic_r__,0.593,0.647,0.708,0.668,0.765,0.79,0.765,,,,,,,,,,,,,,,,,,,,,,,,,,,,,,,,,,,,,,,,,,,,,,,,,,,,,,,,,,,,,,,,,,,,,0.7051428571428572
logistic_m_/r_/logistic_new,,,,,,,,,,,,,,,,,,,,,,,,,,,,,,,,,,,,,,,,,,,,,,,,,,,,,,,,,,,,,,,,,,,,,,,0.785801901257283,0.7906666666666666,,0.5,0.6844444444444444,0.6902282530920986
logistic_m_/r_/logistic__max_balanced_0_new,0.6497163695299838,0.6872552509789961,0.7269867549668875,0.7337377822716549,0.7821997105643994,0.7967799642218247,0.7957227138643068,0.6542056074766355,0.6245421245421245,0.6187050359712231,0.5966981132075472,0.6395348837209303,0.6191737288135594,0.603585657370518,0.6255725190839695,0.6431623931623932,0.6109589041095891,0.6126336898395722,0.6340996168582376,0.6474654377880185,0.655299055613851,0.6633298208640674,0.6657043879907621,0.6778169014084507,0.6955684007707129,0.6632155907429963,0.661841128433556,0.6576644538322269,0.6518054532056006,0.6512361914781694,0.6449572013397842,0.6705390334572491,0.6536885245901639,0.6610985277463194,0.6550607287449393,0.6772959183673469,0.6741280583029672,0.6566091954022989,0.6778290993071594,0.6745923913043478,0.6772098868873062,0.6811500216169477,0.6737616099071208,0.6746031746031746,0.691800878477306,0.6575596816976127,0.6714046822742475,0.6489080079417604,0.6564577397910731,0.6500324044069994,0.6930189551548774,0.6748192258613356,0.6767600302800908,0.6702028081123245,0.6557049418604651,0.6502568493150684,0.6574382921947965,0.6579992777175876,0.649260628465804,0.673919478981646,,,,,,,,,,,,,,,,0.6655714149465479
logistic_m_/r_/logistic__max_balanced_0,,,,,,,,,,,,,,,,,,,,,,,,,,,,,,,,,,,,,,,,,,,,,,0.6930932046045303,0.7039824396362496,0.6778656126482213,0.6865906409752262,0.6893366918555835,0.7032015065913371,0.6863511928040673,0.7063197026022305,,0.6936164229471317,0.6909323116219668,0.6908512571947895,0.6846415327564895,0.6738775510204081,0.681114089961275,,,,,,,,,,,,,,,,0.690126725515679
logistic_m_/r_/logistic__bayram_new,0.593,0.647,0.708,0.668,0.765,0.79,0.765,,,,,,,,,,,,,,,,,,,,,,,,,,,,,,,,,,,,,,,,,,,,,,,,,,,,,,,,,,,,,,,,,,,,,0.7051428571428572
logistic_m_/r_/logistic__bayram_3_7_new,0.628,0.644,0.727,0.68,0.776,0.801,0.796,,,,,,,,,,,,,,,,,,,,,,,,,,,,,,,,,,,,,,,,,,,,,,,,,,,,,,,,,,,,,,,,,,,,,0.7217142857142858
logistic_m_/r_/logistic__bayram_1_1_new,0.627,0.639,0.727,0.685,0.777,0.803,0.798,,,,,,,,,,,,,,,,,,,,,,,,,,,,,,,,,,,,,,,,,,,,,,,,,,,,,,,,,,,,,,,,,,,,,0.7222857142857143
logistic_m_/r_/logistic__3gram_max_balanced_0_new,0.6762560777957861,0.7055891776432894,0.7498344370860928,0.7681159420289855,0.8069826338639653,0.8275491949910555,0.8163716814159292,,,,,,,,,,,,,,,,,,,,,,,,,,,,,,,,,,,,,,,,,,,,,,,,,,,,,,,,,,,,,,,,,,,,,0.7643855921178719
logistic_m_/r_/logistic__2gram_max_balanced_0_new,0.6655186385737439,0.7091491634033464,0.7468543046357616,0.7694641051567239,0.8040882778581766,0.820035778175313,0.8176007866273353,,,,,,,,,,,,,,,,,,,,,,,,,,,,,,,,,,,,,,,,,,,,,,,,,,,,,,,,,,,,,,,,,,,,,0.7618158649186287
logistic_dict_m_/r_/logistic_dict__max_balanced_0_10_50_new,0.6497163695299838,0.6872552509789961,0.7269867549668875,0.7337377822716549,0.7821997105643994,0.7967799642218247,0.7957227138643068,,,,,,,,,,,,,,,,,,,,,,,,,,,,,,,,,,,,,,,,,,,,,,,,,,,,,,0.6826101249178173,0.6846499678869621,0.6730337078651686,0.7126477964887137,0.7561191016906385,0.7306380075059706,0.7387312186978298,0.7779215976331361,0.7673680694722779,0.8072093965168085,,,0.7810069586573885,,,0.7380185829850424
logistic_dict_m_/r_/logistic_dict__3gram_max_balanced_0_10_50_new,0.6762560777957861,0.7055891776432894,0.7498344370860928,0.7681159420289855,0.8069826338639653,0.8275491949910555,0.8163716814159292,,,,,,,,,,,,,,,,,,,,,,,,,,,,,,,,,,,,,,,,,,,,,,,,,,,,,,0.7100591715976331,0.7048811817597945,0.697565543071161,0.7280544607667503,0.7773151652788292,0.7572500852951212,0.7696160267111853,0.7975221893491125,0.7930861723446894,0.8327257999189955,,,0.8067949242734344,,,0.7625316591773229
logistic_dict_m_/r_/logistic_dict__2gram_max_balanced_0_10_50_new,0.6726094003241491,0.7082591669633321,0.7483443708609272,0.7662622177283451,0.8039073806078147,0.823613595706619,0.8156342182890856,,,,,,,,,,,,,,,,,,,,,,,,,,,,,,,,,,,,,,,,,,,,,,,,,,,,,,0.7077580539119,0.7019910083493899,0.6955056179775281,0.7278753135077033,0.7749179914206409,0.7560559535994541,0.7552170283806344,0.7912352071005917,0.7879091516366066,0.8290805994329689,,,0.8063855914858781,,,0.7595867704046425
logistic_bayram_baseline,0.615,0.64,0.701,0.675,0.755,0.774,0.772,,,,,,,,,,,,,,,,,,,,,,,,,,,,,,,,,,,,,,,,,,,,,,,,,,,,,,,,,,,,,,,,,,,,,0.7045714285714286
lda_tfidf_m_/r_/lda_tfidf__bayram_new,0.531,0.556,0.605,0.584,0.58,0.63,0.658,,,,,,,,,,,,,,,,,,,,,,,,,,,,,,,,,,,,,,,,,,,,,,,,,,,,,,,,,,,,,,,,,,,,,0.592
lda_noscale_lsqr_m_/r_/lda_noscale_lsqr__bayram_new,0.523,0.562,0.593,0.579,0.599,0.625,0.656,,,,,,,,,,,,,,,,,,,,,,,,,,,,,,,,,,,,,,,,,,,,,,,,,,,,,,,,,,,,,,,,,,,,,0.591
lda_m_/r_/ldalsqr_r__,0.532,0.559,0.6,0.582,0.584,0.636,0.661,,,,,,,,,,,,,,,,,,,,,,,,,,,,,,,,,,,,,,,,,,,,,,,,,,,,,,,,,,,,,,,,,,,,,0.5934285714285714
lda_m_/r_/lda_r___max_balanced_0,0.6116288492706645,0.6397294410822356,0.6801324503311258,0.6975058982136838,0.7320911722141823,0.7597495527728085,0.7485250737463127,,,,,,,,,,,,,,,,,,,,,,,,,,,,,,,,,,,,,,,,,,,,,,,,,,,,,,,,,,,,,,,,,,,,,0.695623205375859
lda_m_/r_/lda_r__,0.532,0.559,0.6,0.582,0.584,0.636,0.661,,,,,,,,,,,,,,,,,,,,,,,,,,,,,,,,,,,,,,,,,,,,,,,,,,,,,,,,,,,,,,,,,,,,,0.5934285714285714
lda_m_/r_/lda__bayram_new,0.532,0.559,0.6,0.582,0.584,0.636,0.661,,,,,,,,,,,,,,,,,,,,,,,,,,,,,,,,,,,,,,,,,,,,,,,,,,,,,,,,,,,,,,,,,,,,,0.5934285714285714
lda_m_/r_/lda__bayram_3_7_new,0.563,0.578,0.663,0.642,0.685,0.704,0.681,,,,,,,,,,,,,,,,,,,,,,,,,,,,,,,,,,,,,,,,,,,,,,,,,,,,,,,,,,,,,,,,,,,,,0.6451428571428571
lda_m_/r_/lda__bayram_1_1_new,0.545,0.591,0.626,0.605,0.663,0.677,0.652,,,,,,,,,,,,,,,,,,,,,,,,,,,,,,,,,,,,,,,,,,,,,,,,,,,,,,,,,,,,,,,,,,,,,0.6227142857142857
lda_m_/r_/lda__3gram_max_balanced_0_new,0.5212722852512156,0.5459238163047347,,,,,,,,,,,,,,,,,,,,,,,,,,,,,,,,,,,,,,,,,,,,,,,,,,,,,,,,,,,,,,,,,,,,,,,,,,0.5335980507779752
knn_tfidf_m_/r_/knn_tfidf__bayram_new,0.59,0.604,0.677,0.664,0.704,0.732,0.75,,,,,,,,,,,,,,,,,,,,,,,,,,,,,,,,,,,,,,,,,,,,,,,,,,,,,,,,,,,,,,,,,,,,,0.6744285714285715
knn_m_/r_/knn_r__,0.587,0.612,0.655,0.64,0.701,0.748,0.715,,,,,,,,,,,,,,,,,,,,,,,,,,,,,,,,,,,,,,,,,,,,,,,,,,,,,,,,,,,,,,,,,,,,,0.6654285714285714
knn_m_/r_/knn__bayram_new,0.577,0.611,0.644,0.663,0.701,0.749,0.715,,,,,,,,,,,,,,,,,,,,,,,,,,,,,,,,,,,,,,,,,,,,,,,,,,,,,,,,,,,,,,,,,,,,,0.6657142857142857
knn_m_/r_/knn__bayram_3_7_new,0.562,0.609,0.632,0.661,0.7,0.732,0.707,,,,,,,,,,,,,,,,,,,,,,,,,,,,,,,,,,,,,,,,,,,,,,,,,,,,,,,,,,,,,,,,,,,,,0.6575714285714286
knn_m_/r_/knn__bayram_1_1_new,0.563,0.604,0.633,0.662,0.695,0.736,0.689,,,,,,,,,,,,,,,,,,,,,,,,,,,,,,,,,,,,,,,,,,,,,,,,,,,,,,,,,,,,,,,,,,,,,0.6545714285714286
knn_m_/r_/knn__3gram_max_balanced_0_new,0.6375607779578606,0.6831612673549305,0.7283112582781457,0.7435119649477587,0.7744211287988423,0.7862254025044723,0.7706489675516224,,,,,,,,,,,,,,,,,,,,,,,,,,,,,,,,,,,,,,,,,,,,,,,,,,,,,,,,,,,,,,,,,,,,,0.7319772524848046
knn_m_/r_/knn__2gram_max_balanced_0_new,0.6458670988654781,0.6717693129227483,0.7240066225165563,0.7391304347826086,0.7793053545586107,0.7853309481216458,0.7669616519174042,,,,,,,,,,,,,,,,,,,,,,,,,,,,,,,,,,,,,,,,,,,,,,,,,,,,,,,,,,,,,,,,,,,,,0.7303387748121503
cnn_m_/r_/cnn__bayram_new,0.56,0.531,0.579,0.5,0.522,0.554,0.524,,,,,,,,,,,,,,,,,,,,,,,,,,,,,,,,,,,,,,,,,,,,,,,,,,,,,,,,,,,,,,,,,,,,,0.5385714285714286
cnn_m_/r_/cnn__bayram_1_1_new,0.514,0.537,0.615,0.56,0.665,0.695,0.557,,,,,,,,,,,,,,,,,,,,,,,,,,,,,,,,,,,,,,,,,,,,,,,,,,,,,,,,,,,,,,,,,,,,,0.5918571428571429
cnn_32_5_m_/r_/cnn_32_5__bayram_1_1_new,0.505,,,,,,,,,,,,,,,,,,,,,,,,,,,,,,,,,,,,,,,,,,,,,,,,,,,,,,,,,,,,,,,,,,,,,,,,,,,0.505
cnn_128_7_e128_s1_m_/r_/cnn_128_7_e128_s1__bayram_1_1_new,0.547,0.593,0.622,0.639,0.705,0.714,0.699,,,,,,,,,,,,,,,,,,,,,,,,,,,,,,,,,,,,,,,,,,,,,,,,,,,,,,,,,,,,,,,,,,,,,0.6455714285714286
cnn2_avg_128_7_e128_s1_m_/r_/cnn2_avg_128_7_e128_s1__max_balanced_0_1_1_new,0.6418152350081038,0.6824492702029192,0.7243377483443708,0.7253117627232896,0.7644717800289436,0.7826475849731663,0.7659783677482792,,,,,,,,,,,,,,,,,,,,,,,,,,,,,,,,,,,,,,,,,,,,,,,,,,,,,,,,,,,,,,,,,,,,,0.7267159641470105
cnn2_avg_128_7_e128_s1_d3_50_e512_m_/r_/cnn2_avg_128_7_e128_s1_d3_50_e512__max_balanced_0_1_1_new,0.6482982171799028,0.6781772872908508,0.7213576158940397,0.7312099764071452,0.7655571635311144,0.7815742397137746,0.7861356932153393,,,,,,,,,,,,,,,,,,,,,,,,,,,,,,,,,,,,,,,,,,,,,,,,,,,,,,,,,,,,,,,,,,,,,0.7303300276045952
cnn2_avg_128_7_e128_s1_d3_50_e256_m_/r_/cnn2_avg_128_7_e128_s1_d3_50_e256__max_balanced_0_1_1_new,0.6476904376012966,0.6842292630829476,0.71341059602649,0.7300303336703741,0.7644717800289436,0.7858676207513416,0.7708947885939036,,,,,,,,,,,,,,,,,,,,,,,,,,,,,,,,,,,,,,,,,,,,,,,,,,,,,,,,,,,,,,,,,,,,,0.7280849742507567
cnn2_64_7_m_/r_/cnn2_64_7__bayram_1_1_new,0.495,,,,,,,,,,,,,,,,,,,,,,,,,,,,,,,,,,,,,,,,,,,,,,,,,,,,,,,,,,,,,,,,,,,,,,,,,,,0.495
cnn2_32_7_m_/r_/cnn2_32_7__bayram_1_1_new,0.512,,,,,,,,,,,,,,,,,,,,,,,,,,,,,,,,,,,,,,,,,,,,,,,,,,,,,,,,,,,,,,,,,,,,,,,,,,,0.512
cnn2_32_5_m_/r_/cnn2_32_5__bayram_1_1_new,0.514,,,,,,,,,,,,,,,,,,,,,,,,,,,,,,,,,,,,,,,,,,,,,,,,,,,,,,,,,,,,,,,,,,,,,,,,,,,0.514
cnn2_256_7_nd_m_/r_/cnn2_256_7_nd__bayram_1_1_new,0.531,,,,,,,,,,,,,,,,,,,,,,,,,,,,,,,,,,,,,,,,,,,,,,,,,,,,,,,,,,,,,,,,,,,,,,,,,,,0.531
cnn2_256_7_nd_e64_s1_m_/r_/cnn2_256_7_nd_e64_s1__bayram_1_1_new,0.544,,,,,,,,,,,,,,,,,,,,,,,,,,,,,,,,,,,,,,,,,,,,,,,,,,,,,,,,,,,,,,,,,,,,,,,,,,,0.544
cnn2_256_7_nd_e64_m_/r_/cnn2_256_7_nd_e64__bayram_1_1_new,0.518,,,,,,,,,,,,,,,,,,,,,,,,,,,,,,,,,,,,,,,,,,,,,,,,,,,,,,,,,,,,,,,,,,,,,,,,,,,0.518
cnn2_256_7_e64_s1_m_/r_/cnn2_256_7_e64_s1__bayram_1_1_new,0.557,0.548,0.592,0.677,0.71,0.707,0.751,,,,,,,,,,,,,,,,,,,,,,,,,,,,,,,,,,,,,,,,,,,,,,,,,,,,,,,,,,,,,,,,,,,,,0.6488571428571428
cnn2_256_7_e128_s1_d95_m_/r_/cnn2_256_7_e128_s1_d95__bayram_1_1_new,0.583,0.508,0.621,0.656,0.703,0.726,0.727,,,,,,,,,,,,,,,,,,,,,,,,,,,,,,,,,,,,,,,,,,,,,,,,,,,,,,,,,,,,,,,,,,,,,0.6462857142857142
cnn2_128_7_nd_m_/r_/cnn2_128_7_nd__bayram_1_1_new,0.544,,,,,,,,,,,,,,,,,,,,,,,,,,,,,,,,,,,,,,,,,,,,,,,,,,,,,,,,,,,,,,,,,,,,,,,,,,,0.544
cnn2_128_7_nd_e64_m_/r_/cnn2_128_7_nd_e64__bayram_1_1_new,0.525,,,,,,,,,,,,,,,,,,,,,,,,,,,,,,,,,,,,,,,,,,,,,,,,,,,,,,,,,,,,,,,,,,,,,,,,,,,0.525
cnn2_128_7_e64_s1_m_/r_/cnn2_128_7_e64_s1__bayram_1_1_new,0.579,0.584,0.652,0.68,0.726,0.753,0.78,,,,,,,,,,,,,,,,,,,,,,,,,,,,,,,,,,,,,,,,,,,,,,,,,,,,,,,,,,,,,,,,,,,,,0.6791428571428572
cnn2_128_7_e128_s1_m_/r_/cnn2_128_7_e128_s1__max_balanced_0_1_1_new,0.6383711507293355,0.6525453898184407,0.7061258278145696,0.7197505898213684,0.7621201157742402,0.7885509838998211,0.7706489675516224,,,,,,,,,,,,,,,,,,,,,,,,,,,,,,,,,,,,,,,,,,,,,,,,,,,,,,,,,,,,,,,,,,,,,0.7197304322013426
cnn2_128_7_e128_s1_m_/r_/cnn2_128_7_e128_s1__bayram_1_1_new,0.603,0.617,0.681,0.675,0.726,0.774,0.772,,,,,,,,,,,,,,,,,,,,,,,,,,,,,,,,,,,,,,,,,,,,,,,,,,,,,,,,,,,,,,,,,,,,,0.6925714285714287
cnn2_128_7_e128_s1_d_50_m_/r_/cnn2_128_7_e128_s1_d_50__bayram_1_1_new,0.593,0.597,0.673,0.693,0.741,0.751,0.681,,,,,,,,,,,,,,,,,,,,,,,,,,,,,,,,,,,,,,,,,,,,,,,,,,,,,,,,,,,,,,,,,,,,,0.6755714285714286
cnn2_128_7_e128_s1_d95_m_/r_/cnn2_128_7_e128_s1_d95__bayram_1_1_new,0.549,0.585,0.666,0.649,0.712,0.743,0.754,,,,,,,,,,,,,,,,,,,,,,,,,,,,,,,,,,,,,,,,,,,,,,,,,,,,,,,,,,,,,,,,,,,,,0.6654285714285714
cnn2_128_7_e128_s1_d4_50_m_/r_/cnn2_128_7_e128_s1_d4_50__max_balanced_0_1_1_new,0.6154781199351702,0.6504093983624065,0.6985099337748344,0.6995281429052915,0.748191027496382,0.7697674418604651,0.7507374631268436,,,,,,,,,,,,,,,,,,,,,,,,,,,,,,,,,,,,,,,,,,,,,,,,,,,,,,,,,,,,,,,,,,,,,0.7046602182087705
cnn2_128_7_e128_s1_d4_10_m_/r_/cnn2_128_7_e128_s1_d4_10__max_balanced_0_1_1_new,0.6381685575364667,0.6447134211463155,0.7137417218543046,0.7158746208291203,0.7610347322720694,0.7692307692307693,0.7733529990167158,,,,,,,,,,,,,,,,,,,,,,,,,,,,,,,,,,,,,,,,,,,,,,,,,,,,,,,,,,,,,,,,,,,,,0.7165881174122516
cnn2_128_7_e128_s1_d3_10_m_/r_/cnn2_128_7_e128_s1_d3_10__max_balanced_0_1_1_new,0.6385737439222042,0.6496974012103952,0.7140728476821192,0.7130097741826761,0.7651953690303908,0.7744186046511627,0.7777777777777778,,,,,,,,,,,,,,,,,,,,,,,,,,,,,,,,,,,,,,,,,,,,,,,,,,,,,,,,,,,,,,,,,,,,,0.718963645493818
cnn2_128_7_e128_s1_d2_95_m_/r_/cnn2_128_7_e128_s1_d2_95__bayram_1_1_new,0.554,0.504,0.628,0.61,0.679,0.724,0.704,,,,,,,,,,,,,,,,,,,,,,,,,,,,,,,,,,,,,,,,,,,,,,,,,,,,,,,,,,,,,,,,,,,,,0.6289999999999999
cnn2_128_7_e128_s1_d2_10_95_m_/r_/cnn2_128_7_e128_s1_d2_10_95__bayram_1_1_new,0.571,0.549,0.633,0.658,0.717,0.517,0.528,,,,,,,,,,,,,,,,,,,,,,,,,,,,,,,,,,,,,,,,,,,,,,,,,,,,,,,,,,,,,,,,,,,,,0.5961428571428572
boost_tfidf_m_/r_/boost_tfidf__bayram_new,0.546,0.596,0.637,0.632,0.688,0.693,0.682,,,,,,,,,,,,,,,,,,,,,,,,,,,,,,,,,,,,,,,,,,,,,,,,,,,,,,,,,,,,,,,,,,,,,0.6391428571428571
boost_m_/r_/boostcv_r__,0.561,0.6,0.648,0.621,0.696,0.709,0.693,,,,,,,,,,,,,,,,,,,,,,,,,,,,,,,,,,,,,,,,,,,,,,,,,,,,,,,,,,,,,,,,,,,,,0.6468571428571429
boost_m_/r_/boost_r___max_balanced_0,0.5792139384116693,0.6050195799216803,0.6347682119205298,0.6417256488035052,0.6760130246020261,0.6962432915921288,0.6747787610619469,,,,,,,,,,,,,,,,,,,,,,,,,,,,,,,,,,,,,,,,,,,,,,,,,,,,,,,,,,,,,,,,,,,,,0.6439660651876409
boost_m_/r_/boost_r__,0.6,0.627,0.703,0.659,0.743,0.776,0.733,,,,,,,,,,,,,,,,,,,,,,,,,,,,,,,,,,,,,,,,,,,,,,,,,,,,,,,,,,,,,,,,,,,,,0.6915714285714285
boost_m_/r_/boost__bayram_new,0.564,0.583,0.593,0.621,0.694,0.693,0.659,,,,,,,,,,,,,,,,,,,,,,,,,,,,,,,,,,,,,,,,,,,,,,,,,,,,,,,,,,,,,,,,,,,,,0.6295714285714286
boost_m_/r_/boost__bayram_3_7_new,0.563,0.594,0.599,0.623,0.684,0.705,0.666,,,,,,,,,,,,,,,,,,,,,,,,,,,,,,,,,,,,,,,,,,,,,,,,,,,,,,,,,,,,,,,,,,,,,0.6334285714285715
boost_m_/r_/boost__bayram_1_1_new,0.567,0.586,0.578,0.623,0.67,0.691,0.696,,,,,,,,,,,,,,,,,,,,,,,,,,,,,,,,,,,,,,,,,,,,,,,,,,,,,,,,,,,,,,,,,,,,,0.6301428571428571
boost_m_/r_/boost__3gram_max_balanced_0_new,0.6014991896272285,0.6189035243859025,0.6475165562913907,0.6616110549376475,0.6841534008683068,0.6935599284436493,0.6787118977384464,,,,,,,,,,,,,,,,,,,,,,,,,,,,,,,,,,,,,,,,,,,,,,,,,,,,,,,,,,,,,,,,,,,,,0.6551365074703673
boost_m_/r_/boost__2gram_max_balanced_0_new,0.5972447325769854,0.6221075115699537,0.6389072847682119,0.6521739130434783,0.6819826338639653,0.6899821109123435,0.6809242871189773,,,,,,,,,,,,,,,,,,,,,,,,,,,,,,,,,,,,,,,,,,,,,,,,,,,,,,,,,,,,,,,,,,,,,0.6519032105505593
boost_fullgird_m_/r_/boost_fullgird__bayram_new,0.561,0.598,0.647,0.666,0.697,0.749,0.707,,,,,,,,,,,,,,,,,,,,,,,,,,,,,,,,,,,,,,,,,,,,,,,,,,,,,,,,,,,,,,,,,,,,,0.6607142857142857
